index,x1,x2,y
2848,14.6623,21.3277,29
2061,7.9923,19.4601,21
1881,11.7321,7.7577,19
125,17.8984,9.945,2
1171,25.2814,14.2299,12
2298,25.1411,27.0064,23
1004,24.0279,9.853,11
2870,14.3909,22.1925,29
2032,7.6726,22.1212,21
477,5.322,19.5705,5
3034,5.7935,17.8478,31
3068,5.4416,18.4987,31
913,11.1134,21.4335,10
820,18.5332,27.0064,9
2070,6.5617,21.4841,21
1424,20.8654,20.4491,15
1219,14.016,10.1267,13
949,12.774,21.7049,10
2466,21.8774,5.2231,25
1135,26.5648,15.603,12
2397,26.2612,22.6134,24
1218,14.5634,7.2057,13
1475,20.1478,18.3768,15
202,7.691,11.969,3
358,24.3154,24.2188,4
92,25.6954,5.9867,1
1522,7.8888,15.1039,16
826,18.0387,25.5459,9
466,3.8293,20.8424,5
2894,14.5887,23.3172,29
390,23.262,24.7524,4
2556,22.5559,16.73,26
1131,27.7194,13.7998,12
1399,15.9388,15.1913,14
2179,14.8854,26.9443,22
1992,5.1081,27.5147,20
219,9.0756,9.3723,3
2520,23.3655,15.718,26
1878,10.1796,7.9578,19
272,8.9215,10.0577,3
1642,11.5182,15.2626,17
1075,23.1332,8.1395,11
1735,27.1352,18.3906,18
215,8.1648,10.3061,3
128,18.5125,11.8425,2
1876,11.5481,8.8617,19
1403,19.6832,18.3515,15
2770,10.1244,25.0031,28
479,5.8694,20.3709,5
2977,6.1109,10.6695,30
1875,11.0329,7.3391,19
2130,13.0477,26.8408,22
2440,21.3185,5.9177,25
2813,15.1269,20.4468,29
1739,27.6688,16.0009,18
659,22.6019,29.4513,7
656,20.6791,26.9512,7
576,26.321,10.5407,6
1312,17.213,14.0137,14
1903,6.3202,27.3445,20
579,25.6701,10.9225,6
2267,24.8559,27.1191,23
1561,7.2448,15.0096,16
1915,4.7677,28.5727,20
1480,21.1322,19.8557,15
1872,12.1461,7.7554,19
1606,10.4579,13.5376,17
797,13.4939,18.3193,8
1020,23.9244,9.163,11
549,27.6297,10.0209,6
791,14.5105,16.8519,8
2968,6.3662,9.4045,30
2494,21.2311,5.9867,25
2404,21.2196,5.7636,25
1621,11.9575,14.5289,17
2596,22.825,16.4954,26
2925,5.2875,10.1497,30
1130,26.0381,14.3242,12
2088,8.45,20.9804,21
3075,6.9849,17.1785,31
1477,19.7016,17.9766,15
1788,27.0248,17.4913,18
1370,15.2051,14.039,14
55,25.0997,5.8004,1
1713,27.9862,17.3602,18
167,17.1877,11.9828,2
1584,10.1221,15.1177,16
2442,22.2431,5.3795,25
2731,10.4119,25.9737,28
577,26.4084,12.6866,6
1231,16.9669,8.519,13
142,18.3653,12.0633,2
2841,14.6485,21.1368,29
3049,6.2535,16.4954,31
877,18.041,25.7575,9
2269,23.745,27.4066,23
512,26.8615,10.3245,6
1311,16.7277,13.8688,14
322,23.4437,24.0555,4
2748,10.175,25.1779,28
3063,6.0442,17.0934,31
2338,26.3578,21.6359,24
1947,5.644,28.0621,20
1754,27.0386,15.8077,18
161,16.8197,12.1162,2
2691,21.8544,11.164,27
1018,22.4248,7.6542,11
917,13.7975,21.3392,10
621,21.7808,27.8735,7
220,7.8428,9.9703,3
810,17.6546,25.6287,9
1811,11.8379,8.1648,19
2192,14.1195,25.7161,22
68,25.6356,5.6371,1
2942,4.8781,9.5425,30
2637,22.2155,12.1599,27
287,7.8175,8.6938,3
3055,5.4761,16.9186,31
2819,15.7042,22.8664,29
1553,9.2757,14.9061,16
214,7.6611,10.7592,3
2726,9.2458,24.849,28
328,24.1222,24.6926,4
1722,27.0961,17.3671,18
2337,25.7713,23.0297,24
2802,14.5358,22.388,29
2164,14.6738,27.7746,22
3071,7.4311,18.3331,31
1592,9.5563,14.9061,16
1794,25.9208,17.8547,18
2196,13.4709,27.3031,22
607,21.4841,28.1242,7
1555,9.6115,15.6651,16
3000,5.8441,17.3993,31
1631,11.1778,14.3702,17
1264,15.6881,7.9187,13
985,13.2087,22.2408,10
1851,10.2233,7.576,19
1174,25.1089,16.9025,12
1164,25.3918,13.9976,12
1157,26.39,13.8021,12
2975,4.8965,9.1515,30
2991,5.0092,11.5159,30
2931,5.5773,9.5034,30
1943,4.1329,28.3266,20
2373,27.2571,22.6479,24
3065,4.7217,16.0055,31
2967,4.3974,8.7605,30
2723,9.3999,23.6622,28
2878,14.2529,21.6911,29
2379,26.5648,21.1506,24
614,19.6993,27.8827,7
2140,14.7359,27.5722,22
134,17.5557,11.2123,2
1661,10.7776,13.8711,17
1900,4.3629,28.2208,20
2600,22.7215,11.1134,27
506,28.2346,10.4165,6
635,20.7849,26.459,7
3061,4.8643,16.0814,31
2435,21.5071,5.0897,25
1374,16.1711,14.4208,14
1068,22.5398,8.1211,11
453,4.9724,20.0167,5
2742,9.9082,24.849,28
671,20.3364,27.0018,7
973,11.2031,20.6722,10
2702,10.5499,23.9474,28
1724,26.8201,18.823,18
454,4.5906,19.3014,5
3039,5.0644,17.5649,31
1347,16.2171,15.0303,14
612,20.847,28.2852,7
3002,5.368,17.5005,31
920,12.7326,22.1971,10
2657,23.1792,11.1111,27
5,24.0785,5.6693,1
681,21.0241,27.0294,7
753,14.1425,19.4003,8
1099,23.4851,8.3074,11
2017,7.5116,22.5421,21
1097,24.0509,9.324,11
1755,28.6693,17.4775,18
726,13.9562,19.5935,8
1591,7.3713,15.4029,16
875,17.2061,24.5753,9
615,22.1603,28.483,7
33,25.217,7.7531,1
3087,5.4669,17.7489,31
1891,11.67,8.5765,19
846,18.3607,26.3762,9
1658,12.5693,14.338,17
251,7.6979,10.1405,3
471,5.4623,19.306,5
1646,11.1686,15.5133,17
2586,23.1953,15.7824,26
2386,27.2617,20.0374,24
1848,12.4152,9.8875,19
2928,4.8758,10.9915,30
2761,10.0002,24.0486,28
702,13.9792,18.8575,8
1328,15.4397,14.7842,14
1886,12.1967,9.3677,19
2649,23.2459,11.8011,27
2747,9.4712,24.7915,28
2776,10.5315,24.9571,28
3008,6.6882,16.2424,31
2956,6.1247,10.6741,30
2352,25.8196,21.0839,24
2545,23.4759,16.8151,26
1663,11.8264,14.3656,17
954,12.4221,20.8056,10
2645,23.9451,10.2923,27
1098,23.2597,8.3741,11
1310,16.2516,13.2731,14
918,11.1134,22.0821,10
2614,22.9791,11.5803,27
666,21.1368,28.2576,7
2701,10.0117,24.0394,28
2675,22.7146,12.0081,27
1967,5.897,29.2558,20
2052,8.9169,19.8419,21
773,12.9097,19.2071,8
120,17.1233,11.6102,2
284,8.0314,9.5678,3
254,8.0636,11.1088,3
1701,27.1398,16.4471,18
1761,28.1173,17.7259,18
1331,17.3924,14.6232,14
487,5.5359,20.801,5
669,19.5222,27.5147,7
1106,24.6052,14.9958,12
116,17.1026,13.1719,2
1664,12.498,14.5036,17
934,12.0679,20.8286,10
903,12.6613,21.0356,10
2850,15.0901,21.3346,29
2368,25.4033,22.7284,24
899,18.1491,25.7253,9
884,17.8432,25.9622,9
2294,24.228,27.1076,23
2674,23.2712,12.3209,27
2711,11.1755,25.9967,28
3035,6.1132,16.1872,31
1973,6.2719,27.4687,20
69,26.7718,5.5336,1
2642,23.8278,12.7579,27
2988,5.7636,10.5085,30
1155,25.7989,14.6715,12
1163,26.068,14.4392,12
1889,12.0403,7.8911,19
2843,14.982,21.0034,29
1102,26.5073,14.9268,12
1554,8.7237,15.189,16
1747,26.3118,16.2907,18
2971,4.3974,10.3866,30
2970,5.552,9.715,30
2428,22.1695,5.3703,25
1601,12.0771,13.7607,17
628,21.7785,26.712,7
679,23.1056,27.724,7
3010,5.1173,16.7461,31
2773,10.2026,24.1153,28
2110,13.4134,26.7672,22
353,26.4843,23.7105,4
162,15.9181,11.4124,2
629,20.0788,26.6177,7
2997,4.1076,10.7132,30
898,19.1335,26.298,9
2606,24.0417,11.7804,27
1549,8.6133,14.0459,16
855,17.7512,26.7902,9
176,17.7328,11.21,2
2260,26.0634,27.0685,23
1371,16.0515,14.3081,14
3032,6.6767,15.7387,31
1207,16.2838,8.841,13
51,25.1158,6.1914,1
2587,22.9492,14.7543,26
496,4.7677,20.5503,5
1202,16.4425,10.9915,13
772,13.3513,18.5585,8
1457,19.6832,19.0139,15
1920,7.1482,27.9724,20
2157,14.568,25.7483,22
555,26.7189,10.2624,6
222,8.1993,9.7863,3
1013,22.9722,10.1681,11
2067,8.611,21.5255,21
1913,5.4048,27.8114,20
2658,21.7187,12.2818,27
3059,6.1155,16.8772,31
145,16.9853,12.3186,2
1022,22.3259,7.8635,11
386,24.5914,25.5781,4
2933,4.5653,10.566,30
2671,21.9579,11.3549,27
2794,8.8203,25.0905,28
1280,16.0952,9.6184,13
1186,26.6453,15.3546,12
1949,5.0345,27.6366,20
2579,21.8383,16.1688,26
1882,11.0766,9.025,19
344,23.9359,23.8347,4
2715,10.4326,24.5178,28
655,20.7734,29.3754,7
511,27.3445,9.3769,6
2286,25.4815,27.2479,23
756,12.8338,18.2204,8
634,20.9275,26.0404,7
2990,5.7935,10.6005,30
622,21.6037,28.2461,7
1576,9.5724,15.8836,16
3090,6.0419,17.3625,31
1333,16.1734,15.2212,14
1028,23.7496,8.8893,11
3012,6.0511,16.1021,31
2349,27.793,22.5352,24
3062,5.4968,16.1826,31
216,9.1515,10.796,3
569,27.0179,9.6023,6
61,25.5183,4.8229,1
470,5.69,18.3952,5
2836,14.3173,23.2896,29
362,24.4856,23.6553,4
1812,10.8443,7.7301,19
2533,23.1654,15.2948,26
2082,9.4413,23.055,21
1952,4.8321,28.1035,20
3040,4.8758,16.5598,31
548,26.9282,11.3917,6
2740,10.3452,24.2947,28
357,24.3407,23.5886,4
49,27.1168,5.6946,1
1893,10.9064,7.2655,19
488,5.4209,21.2518,5
2973,5.7222,10.5177,30
2235,24.1291,27.4181,23
1556,8.8916,14.6968,16
369,26.1508,24.5753,4
21,25.3274,5.6463,1
1492,21.2633,19.6096,15
2921,4.9126,10.589,30
332,24.6397,24.251,4
507,26.6361,9.784,6
1103,24.826,15.2971,12
136,18.5171,9.876,2
1531,8.9261,14.6508,16
60,24.6236,5.6877,1
286,8.3557,10.152,3
228,8.588,11.0329,3
1643,11.5274,15.1131,17
335,24.9433,24.0003,4
2498,21.583,3.7925,25
1870,12.2312,8.1809,19
857,19.6924,24.5293,9
2292,24.2441,27.6481,23
2470,21.5692,4.5561,25
2508,23.8324,17.3993,26
2890,15.3247,22.3926,29
337,24.2441,23.6231,4
2538,22.9354,15.3661,26
2936,4.6596,11.0214,30
2274,25.884,27.9586,23
811,18.0939,26.0542,9
1625,10.589,14.1379,17
2981,5.5566,11.1801,30
2469,21.9257,5.4048,25
261,8.2729,11.1157,3
435,5.7061,19.214,5
24,25.8242,6.7848,1
2652,22.8641,13.142,27
812,19.0277,25.9691,9
806,17.4798,26.3969,9
2632,24.0233,13.2179,27
958,11.6539,22.1971,10
2668,22.9216,11.6309,27
226,8.8456,11.5619,3
1909,7.2264,28.4278,20
139,17.8961,11.8057,2
2335,27.3238,20.5319,24
705,14.1379,18.9909,8
105,16.7139,11.5849,2
2454,22.9814,6.8515,25
2105,13.1742,27.0156,22
1927,6.3869,27.2364,20
1839,10.8075,7.3046,19
1234,15.5409,9.347,13
298,7.7508,10.9478,3
2281,24.8996,27.3928,23
2270,25.5367,27.8045,23
1708,27.7976,18.2917,18
1732,28.2139,18.133,18
1197,25.608,15.7548,12
1253,16.4954,9.3907,13
1892,11.3641,7.0999,19
627,22.5835,26.4222,7
535,27.9264,10.7109,6
2656,23.8577,11.8126,27
992,12.452,20.4767,10
361,24.6512,24.9433,4
2248,24.136,28.4922,23
2484,22.6456,6.702,25
2362,26.6545,22.6042,24
1535,8.7674,15.2534,16
1091,22.3236,8.1556,11
2148,16.914,26.6821,22
2077,8.6915,20.3778,21
1355,17.466,15.1936,14
177,17.466,10.4234,2
572,27.8942,10.4786,6
907,13.188,22.3167,10
2412,21.8153,5.2323,25
146,16.8749,11.5182,2
396,24.3545,24.4028,4
752,13.464,19.3543,8
2662,21.905,12.4359,27
1233,14.6761,7.898,13
1430,19.3727,19.5659,15
1105,26.4084,14.6163,12
904,11.5343,19.5636,10
1970,6.4398,27.1329,20
391,25.6862,23.1999,4
1317,16.7944,14.453,14
157,17.9421,11.8057,2
212,8.8456,10.3866,3
42,24.8375,5.4416,1
760,15.8629,18.0272,8
2357,27.2525,21.8613,24
937,12.6935,20.732,10
2892,14.844,22.0729,29
808,18.7793,25.0997,9
2624,22.5674,13.0707,27
23,25.0238,6.2742,1
3033,6.1086,17.3855,31
790,15.373,19.4371,8
2618,22.4455,11.9138,27
2437,21.4519,3.8776,25
2223,25.1825,26.3578,23
2461,22.0568,5.782,25
742,13.7262,19.8465,8
1612,12.5486,13.9585,17
3006,5.6279,16.5667,31
415,4.6665,20.4514,5
2382,26.6246,21.2403,24
880,18.8621,25.2055,9
2417,22.6755,4.6021,25
1464,18.9219,18.2756,15
1552,8.7904,14.4208,16
3038,6.1891,18.1169,31
312,24.0486,25.4286,4
1926,5.6693,27.0225,20
1,26.6614,7.3414,1
1071,23.2482,9.738,11
1133,26.9029,14.6439,12
566,27.31,9.3401,6
2829,14.6692,20.8608,29
336,24.7064,24.3476,4
1798,27.6435,17.9789,18
1002,23.9842,8.6984,11
2328,25.5252,21.5439,24
372,24.3752,24.4787,4
76,27.7102,6.2535,1
2291,25.3849,29.4375,23
665,21.8636,27.7746,7
143,19.3635,11.6286,2
475,6.1247,20.088,5
2552,22.1189,15.8284,26
1286,15.1246,9.7978,13
2852,15.9986,22.802,29
2383,26.114,21.3047,24
122,16.7714,11.3871,2
132,18.4642,11.7137,2
3096,5.736,16.9991,31
1912,5.8924,28.2116,20
2992,4.7976,9.6897,30
2631,22.1718,12.0035,27
138,17.5419,11.8885,2
1372,16.6265,15.0855,14
320,24.6535,23.0642,4
890,18.6896,25.5206,9
1125,24.9824,14.9774,12
1832,12.337,8.2614,19
1230,13.8918,9.2987,13
720,13.3628,19.2853,8
2565,22.227,15.028,26
2868,14.9314,22.181,29
1414,20.7849,20.4767,15
426,5.0621,20.1478,5
263,9.1837,9.8484,3
2696,22.963,11.9,27
2830,14.5818,23.2758,29
2403,22.9837,6.2075,25
2865,15.6421,21.5025,29
1760,28.1196,18.2365,18
1025,23.9129,8.5489,11
1730,28.2898,17.9536,18
2375,27.8367,22.6226,24
1271,15.0004,9.1791,13
98,25.8035,6.1937,1
1923,5.2116,27.6941,20
148,17.6293,11.3503,2
2090,7.6726,21.2334,21
1792,26.8201,19.0576,18
305,26.1853,23.7795,4
2356,27.1697,22.112,24
43,25.4562,6.702,1
1366,16.2378,13.8435,14
2735,10.2762,24.4235,28
1358,16.799,15.6168,14
999,11.9943,21.9625,10
34,25.2492,5.6486,1
678,22.3029,27.54,7
1855,11.9943,8.7858,19
2153,13.1627,26.8454,22
2549,22.0683,17.2797,26
2206,25.2216,27.1743,23
3025,5.8993,16.5437,31
257,7.0953,11.1433,3
2087,7.8014,22.0361,21
2266,25.5114,28.9407,23
623,21.5485,26.9213,7
1187,24.5362,16.9117,12
2158,12.6613,26.5349,22
2941,5.4899,10.957,30
2361,27.2548,20.8562,24
1225,15.6122,11.8816,13
2278,25.7414,28.1334,23
2106,14.3679,25.861,22
3026,6.2075,15.6697,31
1901,4.3284,26.9972,20
1416,19.3313,19.6372,15
2566,22.9423,17.213,26
866,18.6275,25.3826,9
2548,22.0706,16.063,26
2815,15.8353,21.6865,29
2763,10.819,24.8168,28
1905,4.5998,26.3762,20
1465,19.7936,19.3244,15
641,22.1672,26.9926,7
1960,5.5612,27.6665,20
1766,27.1513,17.236,18
1398,16.3804,15.0372,14
2983,4.701,9.8783,30
1082,24.8421,9.3861,11
1405,20.203,19.9592,15
843,18.0801,26.0887,9
816,20.2007,25.7138,9
407,6.1868,19.2324,5
2419,20.9988,5.2645,25
2954,5.2576,10.957,30
2068,7.6427,22.1948,21
3056,7.0608,16.086,31
1565,9.5333,15.4627,16
2478,23.6668,7.5024,25
2115,15.4719,26.8868,22
733,14.0781,17.9214,8
1562,8.9514,14.6347,16
2056,7.6611,20.5043,21
763,14.223,18.0019,8
434,5.3588,19.7062,5
25,25.4286,6.2834,1
2901,5.8073,11.3227,30
1946,4.6274,28.9177,20
1587,9.8185,14.6715,16
2226,24.5776,27.8206,23
2821,15.2672,21.422,29
2593,23.4253,17.1509,26
393,24.7593,24.366,4
2050,9.4781,20.6239,21
1228,15.9595,9.3562,13
2156,15.1177,27.7953,22
1324,15.8008,14.2437,14
2076,9.6828,21.5922,21
1017,23.5702,8.0889,11
1413,20.1202,19.0737,15
2951,4.7378,10.6833,30
865,18.4366,26.9558,9
206,7.6289,9.899,3
2443,23.5955,5.3795,25
2521,23.4782,15.7686,26
1830,11.1502,8.1924,19
746,12.4152,19.2209,8
1490,21.3852,19.5659,15
1569,8.2959,15.6973,16
1513,7.3966,15.8928,16
2482,22.2707,5.5773,25
1810,12.0794,8.5328,19
2862,14.9291,23.4138,29
2324,26.6108,22.1097,24
279,8.9836,9.7104,3
960,13.3375,21.8245,10
165,16.845,10.6672,2
103,17.7558,12.1231,2
1373,16.2309,14.7497,14
1400,20.5227,19.4578,15
2648,21.997,10.8144,27
1120,25.8886,15.2695,12
173,16.3045,10.8765,2
1393,15.2925,16.4195,14
3044,4.862,17.1118,31
1407,19.6763,19.8626,15
787,13.1466,19.1312,8
2288,24.6052,27.655,23
2513,23.0366,15.4144,26
59,24.3338,5.1679,1
2222,26.1416,28.5451,23
2093,9.9197,21.2012,21
439,5.6256,21.2702,5
1335,16.4149,14.8532,14
2197,13.7538,27.9471,22
2171,13.9631,27.5032,22
2191,13.0983,25.2354,22
2295,25.3711,28.2898,23
3018,6.7181,17.5971,31
755,12.3209,18.0111,8
2217,25.7506,27.0731,23
648,21.7624,26.5832,7
1455,18.8276,19.4279,15
1350,15.6421,14.1678,14
422,4.3192,20.1708,5
2339,26.2566,21.8889,24
1341,15.4765,14.0505,14
191,16.9163,11.4929,2
1470,20.2375,19.3405,15
970,12.8177,22.1994,10
3094,7.3414,16.8197,31
626,22.273,27.7723,7
2421,22.0982,6.0925,25
1919,6.1983,27.103,20
242,9.0733,8.9307,3
1898,12.0587,7.7347,19
2839,14.8003,22.2086,29
158,16.615,12.0702,2
2000,8.772,20.778,21
1497,20.939,20.893,15
1718,27.7378,16.9278,18
1880,10.9938,8.7145,19
1087,24.8375,6.7871,11
95,26.1347,5.0161,1
556,26.7718,10.267,6
719,13.9447,17.88,8
2169,14.0919,26.0703,22
795,13.8458,19.3543,8
1074,21.9188,9.7058,11
796,13.188,18.6183,8
1617,10.9478,15.9388,17
2451,22.7537,5.5934,25
2607,22.0499,11.9115,27
2236,24.849,27.5837,23
1168,25.3872,15.6628,12
1694,11.4055,14.6439,17
480,5.7406,21.3898,5
850,17.5235,25.5919,9
1340,15.7732,15.3293,14
916,12.4382,22.0959,10
1029,23.0182,8.7858,11
1980,5.2001,28.046,20
1904,4.4457,27.3008,20
640,21.5485,27.747,7
1290,15.5915,9.3033,13
1984,3.5556,26.9305,20
1486,20.939,20.3341,15
87,24.6328,6.7503,1
1729,27.7884,18.3492,18
2026,7.9509,20.6975,21
2407,21.813,7.0953,25
342,26.0404,23.8761,4
3017,5.5267,16.0883,31
2091,8.1602,20.7389,21
2107,14.3587,26.7994,22
596,26.0956,10.3751,6
871,18.2365,26.413,9
757,14.8716,17.9076,8
2309,27.0432,21.9487,24
2515,21.7555,15.4144,26
2937,5.5819,9.9933,30
2299,24.2717,27.6274,23
2604,23.9543,11.5849,27
1156,24.8214,13.2777,12
2904,5.4117,11.0053,30
2605,21.8222,10.9639,27
1844,11.4952,7.8451,19
1558,9.2136,13.7607,16
730,14.3587,18.225,8
2,25.2653,6.2466,1
2301,26.0749,22.4961,24
728,15.1637,19.3704,8
2943,4.5354,9.4436,30
2316,27.6159,22.319,24
2008,7.1666,20.1018,21
974,12.8315,22.0223,10
2358,26.2221,21.675,24
1258,15.3293,8.6685,13
2346,27.1375,22.4524,24
1647,12.774,14.4231,17
1305,16.9692,14.7612,14
2202,26.0795,28.0667,23
1995,5.4232,27.2709,20
711,14.0482,17.926,8
1217,16.0607,9.1584,13
3048,5.7084,15.7893,31
2980,4.8574,9.7219,30
2367,26.321,22.0292,24
1619,11.0904,14.6163,17
1778,25.677,17.9214,18
1822,10.4579,9.0204,19
1211,17.1141,9.7311,13
1427,20.9758,19.0944,15
3015,5.9223,16.9899,31
2913,4.563,10.7086,30
882,18.8184,26.8086,9
1176,26.6384,13.4042,12
1783,27.4043,17.0865,18
1626,10.842,14.0896,17
1787,27.2571,16.9623,18
77,25.1204,4.6504,1
2717,8.6547,24.757,28
2303,26.7143,21.8613,24
3037,6.7388,17.2337,31
1128,26.3693,14.5795,12
2483,21.859,4.8827,25
340,24.6972,24.5523,4
441,5.4393,19.6602,5
2271,25.4286,28.0506,23
129,17.9306,12.1898,2
588,26.8707,10.3475,6
378,25.6517,23.9451,4
2653,21.6336,12.2312,27
643,23.0573,28.5336,7
2869,14.177,21.3622,29
1484,19.7246,19.8971,15
581,27.4296,9.7426,6
457,6.5134,21.4151,5
2790,10.5844,23.7749,28
2109,14.1655,27.2617,22
2276,26.3302,28.2829,23
2912,4.0616,9.9979,30
2293,24.6696,26.8523,23
1697,11.2836,13.8159,17
367,25.4792,24.1912,4
3058,5.4531,17.4154,31
552,25.7598,10.5614,6
429,5.5704,19.4716,5
2959,4.1605,10.0416,30
1685,12.222,14.6623,17
1534,7.7094,14.637,16
1753,26.7166,17.5143,18
203,8.6363,9.8139,3
327,25.2009,24.711,4
881,16.661,25.447,9
58,27.1306,6.9573,1
667,21.8774,27.241,7
3047,6.3455,16.8772,31
124,17.8041,11.7022,2
1129,26.5533,15.0418,12
1750,27.0064,18.179,18
784,14.6485,18.7724,8
2311,26.3394,23.2551,24
1329,16.0768,17.0313,14
691,21.4772,27.4848,7
2622,23.2137,12.5578,27
498,2.907,20.5641,5
2182,14.5289,26.5602,22
2639,23.9175,12.9258,27
384,25.2722,24.7708,4
1673,11.4745,13.1673,17
769,15.2212,19.0461,8
1389,16.224,15.4374,14
1659,11.2767,13.2064,17
2137,14.0459,26.3463,22
2018,8.9307,22.3121,21
802,19.0139,26.4222,9
2891,15.879,20.4192,29
575,26.9443,10.865,6
1715,26.5441,17.3441,18
2932,5.5474,10.2647,30
1445,20.3847,19.1197,15
395,24.4925,23.7795,4
3050,6.6537,17.0198,31
637,21.7325,26.5901,7
412,6.0672,19.8695,5
2888,15.5846,22.5053,29
2151,13.8021,26.9673,22
1728,27.0846,17.075,18
2031,9.6368,21.6888,21
584,26.9052,9.0319,6
1581,8.8732,15.2258,16
774,13.1972,19.4509,8
663,20.4077,27.678,7
2447,21.8199,5.8234,25
2329,26.0588,21.1207,24
2245,25.9944,27.0202,23
2922,3.8776,10.9777,30
16,25.5482,5.7107,1
296,8.8019,11.3342,3
2595,23.1355,15.9756,26
3042,5.7935,17.4499,31
1939,5.5152,27.747,20
316,24.596,24.458,4
959,12.36,20.5779,10
583,27.3698,10.2279,6
845,18.5378,25.5252,9
1999,4.3652,25.9622,20
1726,25.8518,18.6183,18
1953,5.6808,27.9379,20
2944,4.8827,10.2486,30
2427,21.6589,6.6928,25
2103,14.4737,25.5712,22
1539,9.6506,15.5685,16
1471,20.364,18.2457,15
1543,7.9624,16.04,16
1758,27.379,17.9076,18
1972,5.9269,27.8781,20
2020,8.9859,19.1082,21
2816,16.5874,23.3931,29
938,11.164,21.974,10
192,17.3096,11.1893,2
2395,26.5372,23.3103,24
1725,27.1214,18.2595,18
2424,22.963,4.5193,25
1879,11.8103,8.2269,19
3030,6.1132,16.0446,31
2503,25.5804,15.4167,26
1452,19.7798,20.1915,15
1198,25.3596,14.2069,12
164,17.696,11.9414,2
121,18.6137,11.3802,2
2730,10.5476,23.6208,28
348,24.5891,24.297,4
2258,25.4171,27.1099,23
1491,21.0402,19.1887,15
690,21.1575,26.7005,7
2826,17.3924,20.8516,29
1996,5.7383,27.8551,20
1409,19.6694,19.9776,15
1426,21.2541,22.0591,15
1940,3.7488,26.0611,20
1035,22.1465,8.4339,11
400,4.057,21.4519,5
1930,5.3013,27.6251,20
1864,11.3733,8.2315,19
822,18.2273,26.4452,9
1813,11.5849,9.7656,19
2807,16.5644,21.0103,29
278,9.3102,11.6539,3
1499,19.8833,18.8529,15
2475,21.8406,7.001,25
2473,20.1501,7.231,25
672,20.824,27.954,7
2224,24.8375,27.8896,23
2275,27.8666,29.2903,23
2994,6.2144,9.8277,30
379,24.8191,24.9778,4
782,12.8545,19.1473,8
1738,28.3542,16.6564,18
618,21.0908,26.436,7
1205,16.2079,9.3884,13
2167,14.3587,26.0542,22
2792,10.1796,22.3167,28
1180,26.1853,14.4668,12
768,13.901,18.1997,8
7,24.6535,6.2443,1
2582,21.5416,16.1021,26
417,5.0897,19.8902,5
836,17.8685,26.7718,9
926,11.6309,22.4708,10
2211,24.7616,26.4866,23
1390,16.5713,15.2764,14
1525,9.3884,15.2672,16
1388,16.3597,17.1233,14
36,25.2814,7.5461,1
604,21.6175,27.3767,7
2542,23.0895,16.3666,26
2832,15.1729,22.8503,29
878,17.8708,25.2676,9
1391,15.0924,15.9894,14
1439,20.2789,18.6068,15
888,17.4062,25.9024,9
603,20.4514,27.2134,7
1215,16.6564,9.9243,13
594,26.7557,8.8387,6
1536,9.1745,14.7888,16
1593,8.4316,15.2994,16
1773,26.9282,18.1146,18
2611,22.4938,11.4699,27
2571,23.078,16.0699,26
1890,11.3457,8.8111,19
1367,16.6886,14.7198,14
1089,23.7772,9.6345,11
1182,26.1071,13.4548,12
2405,20.3709,6.0534,25
830,17.9697,26.8017,9
2741,10.3567,24.3867,28
1537,9.209,14.8049,16
1823,10.9018,9.2573,19
2526,21.9142,15.9963,26
1707,26.6246,18.0847,18
2491,22.3903,6.3869,25
981,13.4571,21.1851,10
2555,23.4713,17.6132,26
490,6.3455,20.0834,5
1595,8.8088,16.1159,16
1273,15.7479,9.3424,13
1096,23.2781,9.0227,11
2703,10.7523,25.4355,28
52,25.6103,7.6197,1
2795,10.6258,24.2096,28
551,25.746,11.4331,6
1883,11.8816,9.2872,19
2063,8.1073,22.1235,21
2505,21.7693,16.2194,26
297,8.2913,9.4229,3
2053,8.8042,22.2707,21
1265,15.9595,10.0186,13
244,8.1717,9.0687,3
1795,27.1352,18.9265,18
195,16.3206,12.0679,2
271,10.4004,9.9749,3
1015,23.8209,8.1464,11
2048,9.9197,20.4928,21
387,25.1434,23.7036,4
1559,8.7168,14.2437,16
636,19.9017,26.2589,7
1036,24.2119,8.6156,11
2390,28.1035,21.3898,24
781,12.5164,17.8248,8
2431,21.5347,5.2714,25
200,8.4155,9.7633,3
1494,20.18,21.3277,15
421,4.1973,20.4997,5
38,26.0105,6.8377,1
2296,24.412,27.4043,23
2806,16.2838,22.4271,29
1781,27.2686,17.834,18
574,27.0432,9.6,6
2117,13.7423,25.1411,22
528,26.6936,8.9675,6
1244,16.4172,9.14,13
210,7.8106,11.3227,3
870,18.1675,25.7506,9
303,23.837,24.8536,4
2300,26.6821,22.9722,24
998,12.6291,22.0752,10
789,13.6963,18.7977,8
770,13.9792,17.4729,8
326,24.8513,23.4322,4
2143,13.4962,26.5947,22
1469,20.7826,20.4997,15
2259,25.5712,27.3077,23
1805,11.3319,8.0452,19
451,6.1592,21.0908,5
1767,26.919,16.27,18
1777,27.6021,18.9288,18
503,26.6476,9.2412,6
2710,9.5149,25.0882,28
2104,14.2276,27.4802,22
1510,9.5471,15.0165,16
1780,27.2111,18.6896,18
1076,24.0831,8.4914,11
2732,11.0766,23.8715,28
798,12.8729,18.7103,8
965,12.8844,22.0706,10
1365,14.5588,14.4001,14
2054,9.9749,20.5388,21
644,20.6607,26.7902,7
692,21.8107,27.333,7
1770,25.8058,17.2751,18
2833,15.2557,21.2265,29
1112,25.1871,14.5128,12
47,24.6328,5.3473,1
363,25.2308,25.3205,4
2609,22.3903,11.2629,27
299,7.7945,10.8995,3
1402,21.4864,19.7039,15
1578,9.7564,14.9153,16
2929,6.1316,9.3102,30
194,17.098,13.5744,2
240,9.5954,9.1469,3
677,20.9988,27.1329,7
2798,9.4528,24.5615,28
943,11.6631,22.4685,10
359,25.9944,23.9796,4
642,21.8268,26.7649,7
2409,22.9193,4.3583,25
346,24.9318,23.8623,4
578,27.9287,10.9938,6
2289,24.8191,25.0031,23
1352,16.224,14.5174,14
170,18.1422,11.9966,2
1279,14.9314,9.9887,13
729,14.7842,18.2319,8
2381,27.3192,22.4041,24
1635,12.4175,13.3053,17
2347,25.0422,23.0872,24
783,13.924,19.3888,8
2927,4.0662,9.8415,30
1741,27.7056,18.7379,18
700,13.5238,18.1077,8
2420,22.1925,6.4467,25
2154,15.5961,25.0813,22
856,16.5023,25.2423,9
501,27.3445,11.2123,6
1887,10.474,8.588,19
2198,13.7906,26.2635,22
1170,27.1812,16.3298,12
2448,21.6589,5.4646,25
84,24.8007,4.4158,1
1705,28.1495,18.156,18
1232,14.5289,8.7306,13
2680,23.8094,12.4106,27
610,21.5922,26.873,7
2847,15.4903,21.3415,29
310,25.4332,25.4953,4
1067,22.8572,9.1607,11
2871,14.9613,21.2081,29
1990,5.5911,28.6877,20
2699,23.2321,12.0426,27
436,6.1638,19.766,5
1518,9.4781,14.5979,16
1858,11.8402,9.0135,19
2220,25.4378,27.5952,23
1092,23.2206,6.8515,11
1412,20.4813,19.0162,15
1000,23.1976,9.5678,11
706,13.8596,18.0525,8
151,17.811,11.4768,2
2406,23.1792,5.0713,25
311,25.953,26.1692,4
1209,16.6932,10.5361,13
2344,26.459,22.4087,24
879,18.3515,26.6476,9
1849,10.2693,8.289,19
175,17.5396,11.4791,2
1519,8.5236,14.3472,16
2341,27.7263,22.5467,24
1478,20.6262,18.9932,15
725,13.8849,18.8621,8
632,20.5273,28.253,7
1524,9.1515,15.5616,16
530,27.3169,9.117,6
1149,27.1007,14.5243,12
1293,15.5041,10.1865,13
199,18.2457,13.0201,2
442,6.2673,18.7494,5
1482,20.3502,20.0949,15
1998,6.5525,26.9374,20
676,21.2311,27.0984,7
2687,22.3581,11.6424,27
2838,14.5657,23.1976,29
446,4.2594,21.0816,5
1899,10.451,6.84,19
2246,23.2252,29.2466,23
2489,21.7371,5.3979,25
1686,11.7344,14.1402,17
1971,6.1086,27.885,20
1682,12.1714,15.4052,17
832,16.4287,25.2883,9
1507,8.7375,15.1407,16
1216,16.4287,8.9169,13
842,17.4844,25.5735,9
1489,20.6998,20.7688,15
565,27.1375,10.9432,6
829,18.0732,25.447,9
19,24.4649,5.7521,1
2161,13.2593,27.5952,22
680,21.054,28.5819,7
2474,23.0205,5.2093,25
1854,11.1571,9.8783,19
2355,25.9139,23.2183,24
1278,16.5621,9.5034,13
2746,9.8162,23.8945,28
862,17.3441,25.9898,9
2225,25.2952,27.057,23
2585,22.8572,16.2033,26
197,18.3124,11.6631,2
1775,27.0524,17.6385,18
2080,9.1584,20.9436,21
2752,10.7155,23.0527,28
1107,25.2906,14.9567,12
1991,5.5382,27.3008,20
2120,13.924,25.2906,22
1326,16.431,15.5317,14
2389,27.0455,22.5789,24
1434,20.5089,19.2945,15
2029,9.1147,21.5784,21
895,17.8294,25.746,9
2385,27.4181,21.5715,24
403,5.3174,18.8092,5
2916,4.3583,9.3102,30
1850,11.0812,8.4523,19
2506,22.4432,14.5703,26
193,18.9403,11.6999,2
533,26.7051,11.9782,6
961,12.3071,20.9252,10
2027,8.312,21.3484,21
562,28.1817,10.8673,6
2736,10.9639,24.964,28
534,26.7626,9.6253,6
1468,20.6423,20.226,15
1379,16.3206,16.1596,14
2250,25.2032,28.3381,23
14,25.3021,6.1431,1
2387,26.6614,21.4542,24
2713,10.0255,23.9773,28
543,26.0197,10.9317,6
107,17.4959,11.5596,2
382,24.8605,23.4437,4
764,15.3546,19.1772,8
2544,23.2988,16.385,26
502,26.8661,10.6672,6
2007,8.6754,19.7982,21
2575,22.7675,17.949,26
1501,9.5218,14.8164,16
26,27.3445,6.4697,1
901,12.061,21.4979,10
1716,28.2622,18.8943,18
1447,20.7021,19.7545,15
2989,5.483,11.1111,30
1856,13.0109,7.9072,19
1339,15.603,16.1619,14
1276,16.2148,8.3258,13
2553,24.0785,15.2833,26
246,7.5277,10.6994,3
2536,22.9193,16.4195,26
894,17.7558,26.0266,9
1815,11.9966,7.7669,19
1986,5.0506,27.5699,20
1346,16.1527,14.1218,14
652,21.6175,27.5538,7
2237,25.7736,27.4549,23
1369,15.5823,13.8297,14
2574,23.0918,15.3592,26
2434,22.5007,5.3381,25
2666,21.6865,12.2335,27
1114,24.4649,14.5496,12
962,13.487,22.089,10
645,21.2794,27.6389,7
823,18.8759,25.3987,9
2113,13.2363,26.1554,22
1684,11.0973,13.1328,17
2210,25.5597,26.9328,23
1336,16.4103,14.3909,14
3041,5.0828,17.7834,31
605,23.2206,26.8247,7
778,13.4272,17.9743,8
542,27.0708,10.8144,6
2762,11.555,25.0399,28
631,20.5687,27.4618,7
2690,22.5099,12.1093,27
282,9.2435,10.6212,3
1308,16.4793,14.9981,14
2241,24.5431,28.6923,23
256,7.737,10.3613,3
1023,22.4639,6.6353,11
1301,17.8731,15.143,14
1332,15.7985,13.7998,14
1885,11.7919,8.0613,19
2823,15.9871,21.9648,29
1119,26.965,15.0717,12
2432,21.2725,4.5607,25
2501,23.3931,16.4655,26
381,25.5045,24.5247,4
1115,26.4061,14.5312,12
1113,26.2014,13.4732,12
2887,15.8169,21.7762,29
1415,21.3369,19.7177,15
779,13.7515,19.0875,8
1589,9.3125,15.1016,16
2805,16.8105,21.8291,29
274,9.5678,10.5683,3
1656,12.912,13.878,17
1922,5.2254,28.5014,20
420,4.2962,20.9275,5
2096,9.4965,21.7003,21
288,9.0089,10.3958,3
45,26.7212,4.7424,1
2828,15.2465,22.1695,29
1505,9.3378,15.5018,16
2669,21.6865,12.0403,27
2684,22.7123,12.0771,27
204,7.8704,10.957,3
1790,27.563,16.9324,18
1298,14.6324,8.5857,13
653,20.3617,27.8666,7
2336,26.1002,19.7499,24
75,23.1838,5.7314,1
1417,19.7476,19.1013,15
236,8.8042,10.3015,3
1257,15.9664,9.991,13
2205,24.9663,29.15,23
239,8.3189,9.0365,3
1884,10.4924,8.8686,19
2101,14.3173,27.5768,22
2199,14.4806,27.5561,22
1315,15.7571,15.258,14
2766,10.9041,24.0095,28
78,25.2538,5.5681,1
1793,26.3371,18.1192,18
1241,14.8532,8.9238,13
2785,10.083,24.1015,28
2410,21.3392,5.7406,25
715,14.7221,19.1864,8
2705,9.4689,23.4667,28
1749,28.4117,18.1192,18
1690,12.6751,14.798,17
1037,24.1498,8.7904,11
1437,19.8971,19.3244,15
1508,7.8704,16.086,16
1620,11.762,13.4732,17
2818,14.6968,21.8751,29
2678,22.9308,13.2455,27
2694,22.1994,11.6861,27
489,6.9987,21.7693,5
2121,14.8233,26.2842,22
864,18.6574,26.4521,9
1104,25.562,15.1476,12
1059,23.3057,8.0613,11
751,13.2386,19.5958,8
602,21.3047,25.7023,7
563,26.0726,10.911,6
1932,5.5267,27.0777,20
3057,4.7562,17.8777,31
428,5.3013,19.4233,5
1012,23.6898,7.2655,11
1929,5.092,27.5538,20
2854,15.8882,22.595,29
323,25.102,25.3205,4
2261,24.9571,28.4646,23
2084,8.4086,20.6354,21
1327,16.2171,14.9958,14
2255,25.2883,28.0391,23
510,25.953,8.2131,6
241,7.4081,9.8001,3
1343,15.3086,14.89,14
1384,16.2746,16.1412,14
2019,8.9215,21.2863,21
314,24.3499,25.1388,4
1743,26.6062,18.2963,18
1564,8.7191,15.7939,16
1785,27.6596,16.8726,18
2467,21.8682,4.8482,25
1208,16.9738,9.439,13
1161,25.1204,14.2299,12
238,9.715,9.9151,3
1644,11.6884,15.0119,17
885,18.4067,26.4038,9
245,9.393,9.4735,3
2186,13.4548,26.758,22
2756,9.2596,24.2211,28
2541,23.4,18.3929,26
2875,15.8215,22.1373,29
494,5.5566,20.3778,5
1957,4.7999,28.368,20
2238,24.7984,27.4687,23
1717,27.3146,18.0824,18
1696,11.8356,15.4719,17
849,17.8179,25.4447,9
1249,15.1729,9.4965,13
505,26.367,10.3268,6
1495,20.3525,21.1966,15
2195,14.7727,26.4866,22
1090,23.3586,9.9243,11
1054,22.3213,9.0112,11
2013,7.4035,20.1777,21
2883,16.6104,20.9459,29
987,11.6033,19.4785,10
71,25.8587,5.2208,1
1345,16.4885,14.683,14
931,13.4801,21.077,10
2686,22.7399,11.5044,27
86,25.8748,6.5456,1
670,20.6814,26.8477,7
868,17.7742,26.4429,9
2667,22.3673,13.2616,27
1334,15.9733,15.7617,14
198,16.7277,11.6654,2
2557,23.5242,15.2971,26
1081,21.3829,8.8571,11
1613,11.3043,14.4553,17
2562,24.1475,16.7208,26
2693,24.0946,11.9874,27
2252,26.4567,29.012,23
108,18.7908,10.497,2
56,25.4838,7.0148,1
2446,21.7739,4.0938,25
2369,27.0593,21.629,24
2287,24.0946,27.0938,23
1706,26.8132,17.7052,18
1594,8.3603,16.7024,16
114,17.9858,11.5067,2
1254,15.7824,8.5811,13
1671,11.6171,15.718,17
1404,21.6014,20.4905,15
2643,23.607,12.1553,27
517,26.9857,10.5453,6
1975,5.2599,27.9471,20
568,26.9098,8.2798,6
1574,8.9445,14.683,16
2190,14.5542,26.1278,22
2939,4.8068,8.1395,30
2453,22.5812,5.0437,25
912,12.5187,21.1506,10
3020,5.7498,17.0014,31
1070,23.2114,7.967,11
2647,22.4984,11.9575,27
2481,22.2569,5.9798,25
181,17.6523,11.509,2
89,26.4498,6.6997,1
2804,15.3822,21.7624,29
2955,4.701,9.1423,30
130,17.6132,13.4686,2
2233,24.5385,29.7963,23
872,17.6822,24.6949,9
718,13.027,18.3561,8
1662,11.1778,14.1839,17
688,21.215,27.4181,7
1862,10.2141,7.4058,19
1380,17.2797,14.9268,14
1117,25.4194,14.4622,12
140,18.2365,11.7666,2
1702,27.8781,16.7806,18
2727,10.4142,24.5201,28
2345,26.4084,21.5577,24
2782,10.1773,24.7271,28
1251,15.6099,8.8709,13
2796,10.4395,24.0164,28
2129,13.0753,28.7199,22
1172,25.4102,14.637,12
2060,8.2315,20.9505,21
1703,28.3933,16.822,18
82,25.1894,5.4991,1
233,8.6271,11.8379,3
1005,22.9768,8.2591,11
1084,22.5904,8.4201,11
1463,19.9523,18.8046,15
486,5.6463,18.9334,5
2547,23.2321,15.0257,26
2889,15.1706,21.7762,29
1431,19.7775,18.8828,15
2523,21.9648,15.6605,26
444,4.7723,19.8373,5
447,6.012,19.7706,5
1095,21.6083,7.2655,11
1467,20.2375,20.0328,15
1040,22.9147,7.8152,11
2487,22.296,6.0051,25
2165,14.2115,25.9898,22
853,17.3464,25.2607,9
513,27.7148,11.1755,6
560,26.5694,9.2274,6
385,24.7248,24.1107,4
2791,9.485,22.9354,28
2820,14.5174,22.7054,29
984,13.4111,21.8889,10
2102,15.2074,28.1196,22
1419,20.6377,19.3934,15
2615,22.7652,12.7142,27
2759,10.5522,22.9055,28
377,26.712,24.5224,4
2302,26.6775,21.4588,24
2507,21.9556,16.0653,26
414,4.7424,20.41,5
2863,15.6467,21.1575,29
2401,22.2454,5.8211,25
995,11.7413,22.1488,10
2788,10.4303,23.4759,28
2617,23.4253,10.8558,27
3051,6.2052,15.6674,31
852,18.2894,26.7166,9
3029,4.5354,15.8491,31
2635,21.6221,12.1691,27
1383,16.0101,14.7612,14
2886,15.4742,21.9694,29
2709,9.6069,25.0698,28
1132,26.1807,14.8026,12
1206,14.4116,9.485,13
2518,22.4754,15.3063,26
252,9.002,11.1433,3
2597,24.2257,16.0354,26
1160,26.9213,14.5473,12
2177,13.4686,26.9489,22
1945,5.8418,27.4595,20
736,14.3081,17.9881,8
2343,26.5349,21.9763,24
2012,8.8663,20.6929,21
1745,27.8942,16.9209,18
223,9.2021,11.0076,3
232,8.9813,9.7127,3
2062,8.3925,21.2242,21
1292,16.0216,9.6667,13
2145,13.2409,26.8707,22
1269,15.764,8.9169,13
2108,14.2092,26.1485,22
2738,10.1405,23.2942,28
1302,15.7617,14.3472,14
523,26.2543,10.3314,6
1842,10.98,8.9146,19
2092,8.4201,19.6993,21
32,26.5924,6.0925,1
159,15.6398,11.2284,2
1526,8.8686,14.982,16
537,27.4986,10.4234,6
291,8.7927,10.0876,3
951,13.0983,20.8539,10
821,18.1123,26.5257,9
1622,10.9225,15.0993,17
2550,24.3039,15.4903,26
2677,22.2868,10.52,27
617,22.6525,28.1564,7
2584,23.5518,15.8422,26
516,27.2479,10.1842,6
1831,11.3825,8.4086,19
2203,23.8025,26.9719,23
3028,5.253,16.8128,31
1936,4.9379,27.7424,20
1356,14.9406,14.5013,14
231,9.1584,10.8535,3
250,8.8249,9.9335,3
2581,23.0343,16.7691,26
1867,11.1134,7.2264,19
1544,9.1584,15.3247,16
2334,26.1876,22.9998,24
1573,8.933,13.9286,16
39,25.0215,6.564,1
459,4.4756,20.2766,5
1396,15.6536,13.4456,14
1607,11.4055,15.5892,17
2273,25.5413,28.3427,23
237,8.8272,11.0283,3
493,4.793,20.364,5
1506,7.7416,15.3707,16
2567,22.3558,16.224,26
10,26.4774,7.7416,1
2045,9.0526,22.1511,21
1294,14.9452,8.7697,13
1963,4.4135,27.2778,20
334,25.6678,23.6599,4
2531,23.0596,16.2585,26
1101,25.9116,14.1609,12
986,12.7142,21.1782,10
2213,26.6936,28.1863,23
1259,14.9314,7.9095,13
1296,14.7658,8.7237,13
2380,28.1426,21.4956,24
2425,22.1879,5.8441,25
1852,11.3135,9.2159,19
347,25.3021,24.5201,4
248,10.1635,9.1239,3
3066,7.0493,16.224,31
135,17.6868,11.4354,2
249,9.4344,12.3485,3
1557,8.4983,16.224,16
1382,16.661,16.3896,14
405,4.9172,20.7688,5
697,20.7849,27.5446,7
1080,22.5421,9.6506,11
1802,11.509,8.7743,19
1360,16.2953,15.2189,14
3076,5.3542,17.2015,31
2700,10.4027,23.6553,28
1820,11.4009,8.4086,19
3011,5.6118,17.3809,31
2468,22.0729,5.2691,25
1824,12.3025,7.9969,19
3019,5.4508,15.3776,31
2528,21.6635,17.351,26
1183,24.9571,15.0303,12
1714,28.1449,16.5598,18
1435,21.3346,20.3134,15
443,4.9839,19.5705,5
2966,4.8781,10.2095,30
815,18.1169,24.5063,9
339,23.3218,24.8766,4
3016,5.7889,16.8933,31
647,20.7987,27.1421,7
2284,25.4309,27.8873,23
1318,16.5943,15.511,14
2201,25.3136,28.0115,23
2831,15.3132,21.5485,29
1289,15.4696,8.841,13
65,24.8973,7.1919,1
2949,5.2369,9.0848,30
957,12.222,21.5393,10
1159,27.149,14.3058,12
1709,26.7005,16.9232,18
2767,9.1814,25.3895,28
2546,22.6594,16.1504,26
2365,27.1881,21.6888,24
1801,12.0909,7.6795,19
2783,10.819,23.8324,28
1063,24.1935,8.6018,11
1456,21.1805,19.2531,15
2577,22.9906,18.3239,26
2457,21.8705,4.1858,25
1236,16.3528,9.8783,13
694,21.1506,27.5722,7
664,21.2081,27.0915,7
3073,5.8878,16.3781,31
2221,25.7138,28.7935,23
2511,22.8963,16.2585,26
2500,22.8871,16.8542,26
2840,14.9958,21.8866,29
424,5.115,19.7499,5
732,13.349,18.2342,8
2094,10.2716,20.3709,21
46,24.4649,7.2471,1
1351,17.2176,14.821,14
1297,16.3459,8.5696,13
1782,27.5423,16.4609,18
2824,15.1292,23.0343,29
235,7.9233,10.4004,3
3043,6.7802,16.983,31
1670,12.4819,13.6871,17
1385,17.3027,13.6388,14
2589,23.1447,14.9705,26
2242,24.2993,28.5497,23
2023,8.6317,21.1184,21
1481,19.9178,19.4279,15
3070,5.1311,16.6817,31
54,24.7915,6.2627,1
734,14.1632,18.7816,8
1906,5.2737,27.8206,20
1262,15.5984,9.8553,13
258,9.6023,9.0526,3
1146,27.0317,14.4323,12
684,22.1189,27.4618,7
29,25.677,5.9085,1
370,25.1135,22.2385,4
2851,15.7479,22.6985,29
639,21.0195,26.505,7
2734,9.9611,24.4396,28
2663,22.7514,11.2008,27
317,24.6075,24.6029,4
365,24.5316,23.8071,4
1190,25.7897,15.1453,12
1320,17.3349,15.1798,14
2228,24.9341,28.2507,23
1935,5.897,28.5336,20
3,25.2285,4.7447,1
1138,27.3376,14.6301,12
765,14.6002,18.57,8
3093,5.1219,18.4274,31
2502,22.894,15.2833,26
1048,22.5835,8.5029,11
450,5.9016,20.1225,5
1376,15.5938,15.0487,14
1941,5.989,26.2382,20
2945,6.2673,10.819,30
707,12.6291,20.134,8
309,26.4015,24.6006,4
2969,4.6619,10.4648,30
1152,26.0473,13.2018,12
1914,4.9034,26.8017,20
696,22.8066,27.8321,7
48,25.7253,6.7296,1
1109,25.6931,15.4443,12
2834,15.7594,21.7693,29
1267,15.4811,9.5816,13
2530,22.963,15.9802,26
582,28.0,10.8903,6
2626,21.7394,10.7822,27
1609,12.2542,15.0901,17
1021,22.5743,8.5374,11
2022,8.151,21.7072,21
2170,14.6232,26.2865,22
262,7.5461,10.7178,3
2168,13.4985,27.1513,22
3009,5.897,17.3625,31
654,21.9717,27.4342,7
1908,4.908,29.2995,20
2430,21.2081,4.8758,25
1784,28.046,18.0456,18
1299,15.5386,9.8139,13
80,27.2249,5.5727,1
2924,5.2714,9.2826,30
2257,25.2262,27.5193,23
2769,9.922,23.7059,28
2590,24.0555,16.5621,26
1895,10.9501,8.6156,19
1608,12.3117,13.7078,17
1123,24.8697,14.6393,12
497,5.7613,19.5889,5
1240,16.8496,9.5954,13
2342,26.229,22.0982,24
956,11.5343,21.4036,10
44,25.7161,5.5152,1
1809,11.7022,8.289,19
724,13.3375,19.4164,8
646,21.1805,26.8638,7
559,26.9811,10.2969,6
1153,25.9323,14.8486,12
919,11.831,21.7072,10
2695,23.1723,11.2399,27
399,25.6632,23.9773,4
2636,22.6318,10.7615,27
2938,5.1058,11.5274,30
1030,23.3908,9.2251,11
1955,6.5939,28.1771,20
106,17.259,11.7482,2
2660,23.0826,12.4566,27
2351,27.2387,22.3006,24
2312,25.3734,21.7762,24
518,26.6338,10.1612,6
1189,25.8794,15.0211,12
3072,6.0879,16.1205,31
1528,9.3125,15.3592,16
1634,10.8374,14.2989,17
1712,25.9944,16.6863,18
545,27.6136,9.7426,6
2066,8.6041,21.3622,21
2583,21.5853,16.3551,26
2948,5.2737,10.98,30
2089,7.8359,22.7031,21
1342,16.6196,15.0165,14
83,25.2446,5.9591,1
468,3.896,20.065,5
1836,11.4078,9.1285,19
2561,23.952,17.282,26
2099,8.0268,20.3249,21
633,20.8838,27.448,7
2496,21.7233,6.5387,25
2058,8.5834,21.8636,21
147,18.0272,11.9621,2
2305,27.126,21.974,24
90,25.148,5.9292,1
977,11.3572,23.5587,10
2243,26.0772,28.7268,23
2162,14.2368,26.9742,22
948,10.8213,20.6561,10
2965,3.9742,10.1819,30
464,6.1523,18.9058,5
2793,10.589,23.8531,28
834,17.8018,26.7097,9
484,5.3013,20.2444,5
2873,15.8905,21.1069,29
824,18.5654,25.6862,9
302,23.8945,24.9916,4
2964,6.8055,9.4459,30
2111,14.3242,26.6568,22
771,15.3408,19.3888,8
2757,8.519,22.8986,28
2268,24.32,28.0989,23
2554,23.3448,16.4908,26
133,17.3625,12.0035,2
2112,13.3881,26.0013,22
163,17.8363,11.8563,2
2283,25.9852,28.5313,23
2822,15.2534,20.9712,29
2006,8.8617,21.4059,21
1771,26.1646,15.9687,18
1148,27.5561,13.2133,12
430,5.7337,20.502,5
1052,23.5656,8.7375,11
2116,13.7101,26.5119,22
2393,26.9006,21.261,24
1047,21.8866,8.9652,11
398,24.7984,24.4787,4
380,24.2855,24.2694,4
1242,16.3551,9.9703,13
550,27.0869,9.3033,6
2455,22.6364,6.8653,25
1322,16.3114,14.9521,14
269,7.9969,10.7063,3
188,17.6086,11.7206,2
50,26.4958,5.9039,1
1981,6.3317,27.4365,20
1580,8.6455,16.5483,16
2911,4.1237,10.2187,30
12,27.1812,6.2972,1
1433,19.536,20.0581,15
73,25.4838,4.9333,1
2919,5.4255,11.8103,30
1438,21.1161,19.5544,15
1808,11.5665,8.9905,19
2930,4.6596,10.2854,30
1835,12.061,8.3465,19
1645,12.6107,14.959,17
660,22.3075,26.2497,7
713,13.1995,16.9186,8
1720,26.8776,18.6896,18
2654,23.2252,11.9989,27
619,20.2076,28.023,7
1429,20.7251,19.5429,15
1938,3.9328,26.7189,20
2322,26.6292,22.1626,24
2360,26.0542,23.1378,24
2051,10.0048,21.4542,21
2490,22.6571,5.2806,25
944,11.0214,21.6589,10
389,24.297,23.975,4
1746,26.7488,16.0814,18
152,16.1895,9.968,2
366,24.8996,24.5868,4
1515,8.7766,14.7336,16
988,10.6971,21.5508,10
259,6.0695,9.669,3
2462,21.9027,4.701,25
452,5.4117,19.3405,5
803,17.627,26.6982,9
1669,11.5527,13.8734,17
1540,8.3787,14.6278,16
1454,20.2628,19.6855,15
1143,26.1807,15.2396,12
3064,6.3409,17.7857,31
840,16.7116,26.2106,9
2134,12.9051,25.7805,22
1381,16.4931,14.2437,14
196,18.4343,12.4474,2
759,15.5179,18.5286,8
1868,11.9713,8.1694,19
1693,11.9414,14.6255,17
2827,16.1297,22.1419,29
2876,14.4921,21.5531,29
708,13.8596,18.2733,8
1538,7.3966,16.1987,16
2078,8.5098,22.0315,21
2689,22.457,11.3158,27
2697,22.411,12.2703,27
2378,26.9305,22.4064,24
915,12.4267,21.1414,10
1073,21.997,10.0048,11
2069,8.6938,21.0011,21
2987,4.9885,10.6557,30
1144,25.6103,13.9378,12
1847,12.4382,8.5857,19
2465,20.341,5.5658,25
144,17.9237,11.5573,2
2132,14.2598,26.0105,22
1523,7.8267,15.81,16
2147,13.4801,27.5791,22
211,8.9514,11.0628,3
2098,8.6593,21.0011,21
963,11.9966,21.4105,10
2325,27.1421,21.7877,24
2214,24.3637,26.8707,23
1177,26.4383,15.0418,12
2895,15.5731,21.2449,29
81,24.6581,5.9936,1
1736,26.9972,17.1831,18
2771,9.7472,24.2947,28
319,24.8513,24.4856,4
1614,11.6562,14.9843,17
1134,26.3946,16.7967,12
1378,15.4949,15.3385,14
1583,8.6409,15.9135,16
710,15.6007,18.9518,8
67,26.5855,6.8423,1
1250,15.6421,8.8663,13
2855,14.66,22.2569,29
939,12.0081,21.7302,10
2714,9.6184,25.3987,28
564,26.5855,10.1451,6
1500,8.4086,15.7893,16
1108,26.7074,13.8573,12
2623,23.7956,12.9327,27
1066,23.0389,7.1942,11
1410,21.3921,19.0691,15
1226,15.0556,9.4896,13
352,24.1475,26.689,4
280,8.6892,9.7219,3
260,7.0815,10.4993,3
809,18.0479,26.1669,9
1532,8.5949,15.2028,16
74,25.5436,5.9844,1
2900,6.2144,11.6723,30
3023,5.4117,17.0819,31
930,11.1088,21.5784,10
741,16.0745,18.1054,8
638,20.8999,27.8873,7
4,25.7529,5.1564,1
2592,24.4787,17.9421,26
3082,6.3064,16.8243,31
2418,20.0857,6.1937,25
1072,23.722,7.9049,11
2422,22.135,5.9821,25
1958,5.4462,29.2742,20
1057,24.3798,8.1648,11
2917,5.2829,10.1911,30
749,12.6268,19.7108,8
831,17.0773,26.3302,9
794,13.6273,18.4987,8
2610,22.7606,11.4193,27
2825,15.5662,22.6916,29
1203,16.1205,8.9905,13
1222,16.6794,8.2844,13
2880,16.0354,23.2482,29
750,14.062,18.7701,8
3083,5.3266,16.6725,31
2219,24.0325,26.4337,23
1238,13.9079,9.0181,13
946,12.291,21.1368,10
2065,9.669,20.2674,21
1256,15.3638,8.9238,13
2768,9.8599,24.1199,28
869,18.0318,25.1572,9
2844,15.1269,21.6566,29
1049,21.7785,7.1482,11
2074,7.8681,19.4348,21
1598,8.059,14.476,16
2374,25.8679,22.0039,24
461,5.2898,19.7545,5
2411,22.3282,5.3519,25
1627,11.7459,15.166,17
2175,14.0873,28.6118,22
1309,17.6224,12.9212,14
217,8.5029,9.1791,3
1375,17.3441,15.2258,14
1126,24.8858,14.3196,12
873,16.5897,26.1462,9
2400,22.6801,4.5492,25
2249,24.9548,28.7107,23
1124,26.8638,13.9171,12
2176,13.1742,26.9213,22
2558,23.1332,16.3298,26
1629,10.4924,14.5266,17
2492,22.2247,5.6302,25
1210,14.6439,11.1433,13
1570,8.818,15.4029,16
2947,5.8924,10.6465,30
1121,25.7322,15.6881,12
906,12.4152,21.9395,10
3086,5.8947,16.2677,31
2150,14.4737,26.8224,22
111,16.96,10.6373,2
1436,19.2715,18.4504,15
2318,27.126,20.7527,24
2037,9.4459,21.9257,21
910,11.2169,22.2454,10
427,4.7286,19.2761,5
2633,23.5518,12.2174,27
3024,4.3307,17.2567,31
1392,16.7806,14.6163,14
1799,25.7897,17.7328,18
2706,10.7822,23.3402,28
737,13.1052,19.4624,8
234,7.806,11.4975,3
1774,26.1554,17.5764,18
1796,25.8311,18.0295,18
1166,25.8311,15.5202,12
819,18.0709,24.9502,9
3091,6.5456,16.6978,31
1560,8.9008,16.017,16
2133,14.4254,27.8022,22
419,6.0304,20.1501,5
3007,5.0253,18.156,31
1816,12.1576,8.8249,19
3098,6.4444,16.2033,31
570,28.1518,10.5453,6
392,25.4953,24.9893,4
775,13.3927,17.2521,8
1654,11.3526,14.6301,17
1965,4.7263,26.3716,20
833,18.5194,24.7731,9
2123,13.464,27.5055,22
2081,9.8783,19.5567,21
478,4.8758,20.4468,5
180,18.3883,10.0025,2
3084,6.4237,17.4706,31
1829,10.8949,9.9036,19
1977,6.3156,26.7856,20
79,25.5137,6.357,1
11,26.7373,4.4756,1
979,12.9235,21.675,10
1668,10.6695,14.2506,17
1942,6.1845,27.9356,20
2630,22.687,10.8949,27
2095,8.5351,22.0315,21
492,5.5681,21.0333,5
2619,23.2436,13.487,27
2041,8.8364,20.7849,21
3031,5.2484,17.6615,31
1871,11.8333,7.1689,19
1446,18.9288,19.2853,15
99,26.0243,7.5576,1
41,25.8955,5.4393,1
409,6.173,19.3359,5
40,25.1618,6.3064,1
526,27.9471,11.1686,6
113,17.3694,11.5596,2
1624,11.2284,14.6531,17
1509,7.5139,13.8044,16
1520,8.795,15.1867,16
495,5.0552,18.2365,5
171,16.8059,11.1318,2
413,6.3248,19.9684,5
1843,10.6741,8.4684,19
2122,14.0068,28.3795,22
2817,14.7865,22.2086,29
1959,4.3376,27.3077,20
1348,16.4701,14.0137,14
2332,27.0202,20.6561,24
1085,24.7478,7.783,11
1295,14.4185,9.3102,13
606,21.0655,27.7194,7
2449,21.3576,6.4306,25
1863,9.6368,8.1947,19
2935,4.8482,9.3102,30
1789,27.4963,17.4062,18
1846,12.8131,8.0498,19
2996,5.2323,10.198,30
2495,21.767,6.2696,25
266,7.7324,9.5954,3
154,17.4637,10.8213,2
2603,22.0867,12.5348,27
1896,11.6631,8.2039,19
166,18.5378,11.6516,2
264,8.1694,10.7868,3
2321,26.5165,22.5467,24
2014,8.6294,23.0297,21
801,17.9191,25.4401,9
1303,16.6334,13.4295,14
2229,23.3747,28.3703,23
1527,9.2274,14.8233,16
1571,10.5108,14.9912,16
2877,15.8974,21.4841,29
2634,22.9032,11.5274,27
2720,10.1796,24.6857,28
2893,15.2695,21.4933,29
2413,22.2132,4.6412,25
1411,19.7821,20.2237,15
2445,22.5674,4.7677,25
2537,21.7509,15.3776,26
1007,23.7933,8.2821,11
2570,22.9837,15.8974,26
345,25.8058,24.6328,4
1649,11.8287,15.5363,17
2227,25.1917,27.563,23
155,17.6339,10.8144,2
932,13.073,21.5301,10
2588,23.1378,15.9181,26
1079,22.6042,8.8387,11
2354,26.6959,21.6589,24
354,25.4447,24.0049,4
1987,6.9688,27.563,20
897,18.1445,26.0887,9
2499,21.2541,5.5934,25
712,13.05,18.2342,8
2476,22.5352,5.8878,25
184,17.7328,11.6562,2
1277,15.6306,9.2182,13
2778,10.3958,23.4368,28
1610,11.785,14.7888,17
70,24.8536,5.5152,1
893,18.0134,26.6706,9
168,18.4527,11.2468,2
2780,9.8484,23.8393,28
2488,21.8153,6.0718,25
2510,23.6116,16.8404,26
1675,12.0725,13.3904,17
3036,5.8004,15.4972,31
2348,27.3514,20.5894,24
1061,23.3218,8.9468,11
1964,4.0271,27.2755,20
1039,24.8122,9.2941,11
13,25.4999,5.6739,1
2370,27.4135,22.3443,24
1077,23.2114,8.4109,11
3005,5.4899,17.2774,31
1274,15.1844,9.7311,13
2315,27.103,21.3277,24
243,7.9118,9.0848,3
3003,6.0672,15.9986,31
886,17.0842,25.424,9
2331,26.8339,21.2219,24
625,21.7003,27.2571,7
285,9.071,10.2187,3
1834,11.4699,6.8929,19
2011,8.5489,21.6405,21
1807,13.0017,6.6192,19
1547,8.6639,15.1913,16
1038,23.7818,8.5259,11
786,13.5192,17.5327,8
1472,19.3865,20.4192,15
2749,10.3452,24.6535,28
350,24.0049,23.9129,4
1444,20.3502,19.6694,15
2683,22.6686,11.7321,27
2859,15.3799,21.3116,29
941,13.5422,20.5457,10
1825,11.2859,8.082,19
63,24.3039,4.8827,1
1181,26.3118,14.5427,12
1313,15.4466,14.9981,14
2599,23.3931,15.9549,26
766,14.637,19.6464,8
2079,9.0802,21.5347,21
2849,15.0809,22.6709,29
1442,21.2449,20.0374,15
1349,17.7995,14.1218,14
423,6.1661,21.6704,5
522,29.5939,9.738,6
2625,23.0228,11.9667,27
463,3.9627,20.8884,5
2751,9.5103,25.9369,28
1637,10.9455,14.8854,17
1458,20.1777,20.0213,15
2033,8.9238,20.2444,21
2100,14.2138,27.5331,22
1648,11.6056,14.66,17
2314,26.8891,21.9648,24
1744,28.0069,17.9053,18
2568,22.9584,15.0786,26
1406,20.6975,19.8258,15
394,24.9709,23.9796,4
2272,24.9065,26.6867,23
209,8.1372,10.3015,3
2532,24.2096,16.1205,26
1897,11.9851,9.6345,19
0,25.0514,5.7475,1
2881,15.8629,23.6714,29
1734,26.252,18.4389,18
2898,14.9406,22.526,29
356,25.9668,25.079,4
1175,26.6614,15.7088,12
408,4.8045,21.1989,5
2885,14.8877,21.9073,29
1428,20.9919,20.5618,15
2591,22.7951,15.5386,26
547,26.873,10.3613,6
455,5.4531,20.7067,5
982,13.2685,22.1925,10
1420,20.8608,18.4711,15
2786,9.508,23.8439,28
661,20.6354,29.7871,7
2125,14.7359,27.4825,22
891,17.512,26.0036,9
1323,15.9641,15.0694,14
1316,15.8629,14.7635,14
1979,4.5561,28.4784,20
1962,5.0644,27.5676,20
935,13.2639,21.6405,10
989,11.6769,21.4151,10
2946,4.8091,9.6529,30
1199,25.3412,13.9631,12
141,18.1008,11.3641,2
307,23.7197,23.4483,4
1511,8.1671,15.3362,16
3077,7.2149,16.7944,31
2651,23.1539,11.417,27
1944,5.138,27.678,20
1650,11.5688,15.649,17
1748,27.1628,16.73,18
1982,5.9269,26.9374,20
117,17.5212,11.8747,2
2952,5.644,10.6327,30
3046,5.5888,16.3114,31
2127,14.4691,25.2446,22
1579,8.1257,15.3546,16
1300,16.6863,13.8642,14
1840,9.9634,7.8497,19
460,4.9632,20.1248,5
102,17.9628,10.4625,2
2194,13.2501,26.5096,22
1632,12.3807,13.5951,17
911,11.0628,21.422,10
1282,15.9871,9.8139,13
315,24.1498,24.6788,4
2460,23.0159,5.9131,25
924,12.6475,21.6497,10
1093,23.5725,9.2803,11
2139,14.3127,25.9645,22
1723,27.6504,17.1762,18
1600,10.9892,13.0615,17
1742,25.9139,17.949,18
1611,11.3181,14.6347,17
3060,5.9936,17.7029,31
540,27.2433,9.1561,6
525,26.0312,10.06,6
1461,19.7867,20.5963,15
1563,8.2614,15.2465,16
2516,22.6985,16.7001,26
2436,22.3466,6.1316,25
599,25.8357,10.451,6
2234,26.1899,28.0414,23
2304,27.2157,23.9359,24
1046,24.2234,7.5461,11
