;fixed acidity;volatile acidity;citric acid;residual sugar;chlorides;free sulfur dioxide;total sulfur dioxide;density;pH;sulphates;alcohol;quality
572;10.2;0.24;0.49;2.4;0.075;10.0;28.0;0.9978;3.14;0.61;10.4;5
689;8.1;0.38;0.48;1.8;0.157;5.0;17.0;0.9976;3.3;1.05;9.4;5
1076;9.9;0.32;0.56;2.0;0.073;3.0;8.0;0.99534;3.15;0.73;11.4;6
1313;7.0;0.36;0.21;2.3;0.086;20.0;65.0;0.99558;3.4;0.54;10.1;6
1015;10.5;0.39;0.46;2.2;0.075;14.0;27.0;0.99598;3.06;0.84;11.4;6
217;8.1;0.725;0.22;2.2;0.072;11.0;41.0;0.9967;3.36;0.55;9.1;5
836;6.7;0.28;0.28;2.4;0.012;36.0;100.0;0.99064;3.26;0.39;11.7;7
335;11.9;0.695;0.53;3.4;0.128;7.0;21.0;0.9992;3.17;0.84;12.2;7
1409;6.0;0.51;0.0;2.1;0.064;40.0;54.0;0.995;3.54;0.93;10.7;6
794;10.1;0.27;0.54;2.3;0.065;7.0;26.0;0.99531;3.17;0.53;12.5;6
55;7.7;0.62;0.04;3.8;0.084;25.0;45.0;0.9978;3.34;0.53;9.5;5
598;8.5;0.585;0.18;2.1;0.078;5.0;30.0;0.9967;3.2;0.48;9.8;6
568;9.8;0.5;0.49;2.6;0.25;5.0;20.0;0.999;3.31;0.79;10.7;6
521;7.6;0.41;0.49;2.0;0.088;16.0;43.0;0.998;3.48;0.64;9.1;5
758;8.1;0.87;0.0;2.2;0.084;10.0;31.0;0.99656;3.25;0.5;9.8;5
1254;7.8;0.7;0.06;1.9;0.079;20.0;35.0;0.99628;3.4;0.69;10.9;5
23;8.5;0.49;0.11;2.3;0.084;9.0;67.0;0.9968;3.17;0.53;9.4;5
561;9.0;0.44;0.49;2.4;0.078;26.0;121.0;0.9978;3.23;0.58;9.2;5
546;7.5;0.55;0.24;2.0;0.078;10.0;28.0;0.9983;3.45;0.78;9.5;6
1377;5.2;0.49;0.26;2.3;0.09;23.0;74.0;0.9953;3.71;0.62;12.2;6
961;7.1;0.56;0.14;1.6;0.078;7.0;18.0;0.99592;3.27;0.62;9.3;5
685;8.1;0.78;0.23;2.6;0.059;5.0;15.0;0.997;3.37;0.56;11.3;5
74;9.7;0.32;0.54;2.5;0.094;28.0;83.0;0.9984;3.28;0.82;9.6;5
1310;7.5;0.61;0.26;1.9;0.073;24.0;88.0;0.99612;3.3;0.53;9.8;5
1103;7.4;0.49;0.27;2.1;0.071;14.0;25.0;0.99388;3.35;0.63;12.0;6
600;8.2;0.915;0.27;2.1;0.088;7.0;23.0;0.9962;3.26;0.47;10.0;4
1411;6.4;0.47;0.4;2.4;0.071;8.0;19.0;0.9963;3.56;0.73;10.6;6
1154;6.6;0.58;0.0;2.2;0.1;50.0;63.0;0.99544;3.59;0.68;11.4;6
510;12.4;0.42;0.49;4.6;0.073;19.0;43.0;0.9978;3.02;0.61;9.5;5
1435;10.2;0.54;0.37;15.4;0.214;55.0;95.0;1.00369;3.18;0.77;9.0;6
1467;6.7;1.04;0.08;2.3;0.067;19.0;32.0;0.99648;3.52;0.57;11.0;4
200;9.6;0.32;0.47;1.4;0.056;9.0;24.0;0.99695;3.22;0.82;10.3;7
1002;9.1;0.29;0.33;2.05;0.063;13.0;27.0;0.99516;3.26;0.84;11.7;7
1364;7.2;0.605;0.02;1.9;0.096;10.0;31.0;0.995;3.46;0.53;11.8;6
451;8.4;0.37;0.53;1.8;0.413;9.0;26.0;0.9979;3.06;1.06;9.1;6
562;9.0;0.54;0.49;2.9;0.094;41.0;110.0;0.9982;3.08;0.61;9.2;5
161;7.6;0.68;0.02;1.3;0.072;9.0;20.0;0.9965;3.17;1.08;9.2;4
602;7.7;0.835;0.0;2.6;0.081;6.0;14.0;0.9975;3.3;0.52;9.3;5
828;7.8;0.57;0.09;2.3;0.065;34.0;45.0;0.99417;3.46;0.74;12.7;8
702;7.0;0.64;0.02;2.1;0.067;9.0;23.0;0.997;3.47;0.67;9.4;6
818;7.1;0.715;0.0;2.35;0.071;21.0;47.0;0.99632;3.29;0.45;9.4;5
371;7.9;0.24;0.4;1.6;0.056;11.0;25.0;0.9967;3.32;0.87;8.7;6
994;10.0;0.35;0.45;2.5;0.092;20.0;88.0;0.99918;3.15;0.43;9.4;5
718;8.4;0.56;0.04;2.0;0.082;10.0;22.0;0.9976;3.22;0.44;9.6;5
987;7.1;0.36;0.3;1.6;0.08;35.0;70.0;0.99693;3.44;0.5;9.4;5
387;8.3;0.66;0.15;1.9;0.079;17.0;42.0;0.9972;3.31;0.54;9.6;6
874;10.4;0.38;0.46;2.1;0.104;6.0;10.0;0.99664;3.12;0.65;11.8;7
257;6.6;0.695;0.0;2.1;0.075;12.0;56.0;0.9968;3.49;0.67;9.2;5
1532;7.2;0.53;0.13;2.0;0.058;18.0;22.0;0.99573;3.21;0.68;9.9;6
1083;8.7;0.42;0.45;2.4;0.072;32.0;59.0;0.99617;3.33;0.77;12.0;6
1395;8.6;0.685;0.1;1.6;0.092;3.0;12.0;0.99745;3.31;0.65;9.55;6
1513;6.4;0.56;0.15;1.8;0.078;17.0;65.0;0.99294;3.33;0.6;10.5;6
587;7.3;0.73;0.24;1.9;0.108;18.0;102.0;0.9967;3.26;0.59;9.3;5
1416;10.0;0.32;0.59;2.2;0.077;3.0;15.0;0.9994;3.2;0.78;9.6;5
196;7.3;0.58;0.3;2.4;0.074;15.0;55.0;0.9968;3.46;0.59;10.2;5
182;7.2;0.73;0.02;2.5;0.076;16.0;42.0;0.9972;3.44;0.52;9.3;5
423;10.5;0.24;0.47;2.1;0.066;6.0;24.0;0.9978;3.15;0.9;11.0;7
753;8.3;0.65;0.1;2.9;0.089;17.0;40.0;0.99803;3.29;0.55;9.5;5
795;10.8;0.89;0.3;2.6;0.132;7.0;60.0;0.99786;2.99;1.18;10.2;5
187;7.7;0.705;0.1;2.6;0.084;9.0;26.0;0.9976;3.39;0.49;9.7;5
154;7.1;0.43;0.42;5.5;0.07;29.0;129.0;0.9973;3.42;0.72;10.5;5
1414;10.0;0.32;0.59;2.2;0.077;3.0;15.0;0.9994;3.2;0.78;9.6;5
605;8.3;0.6;0.13;2.6;0.085;6.0;24.0;0.9984;3.31;0.59;9.2;6
661;7.5;0.42;0.31;1.6;0.08;15.0;42.0;0.9978;3.31;0.64;9.0;5
145;8.1;0.67;0.55;1.8;0.117;32.0;141.0;0.9968;3.17;0.62;9.4;5
331;10.2;0.36;0.64;2.9;0.122;10.0;41.0;0.998;3.23;0.66;12.5;6
1554;6.6;0.855;0.02;2.4;0.062;15.0;23.0;0.99627;3.54;0.6;11.0;6
141;8.3;0.715;0.15;1.8;0.089;10.0;52.0;0.9968;3.23;0.77;9.5;5
1322;9.1;0.34;0.42;1.8;0.058;9.0;18.0;0.99392;3.18;0.55;11.4;5
1567;7.2;0.695;0.13;2.0;0.076;12.0;20.0;0.99546;3.29;0.54;10.1;5
526;7.3;0.365;0.49;2.5;0.088;39.0;106.0;0.9966;3.36;0.78;11.0;5
1535;7.0;0.55;0.13;2.2;0.075;15.0;35.0;0.9959;3.36;0.59;9.7;6
614;9.2;0.755;0.18;2.2;0.148;10.0;103.0;0.9969;2.87;1.36;10.2;6
640;9.9;0.54;0.45;2.3;0.071;16.0;40.0;0.9991;3.39;0.62;9.4;5
9;7.5;0.5;0.36;6.1;0.071;17.0;102.0;0.9978;3.35;0.8;10.5;5
550;6.8;0.51;0.01;2.1;0.074;9.0;25.0;0.9958;3.33;0.56;9.5;6
1268;6.9;0.41;0.31;2.0;0.079;21.0;51.0;0.99668;3.47;0.55;9.5;6
1336;6.0;0.5;0.0;1.4;0.057;15.0;26.0;0.99448;3.36;0.45;9.5;5
1116;7.0;0.69;0.07;2.5;0.091;15.0;21.0;0.99572;3.38;0.6;11.3;6
1587;5.8;0.61;0.11;1.8;0.066;18.0;28.0;0.99483;3.55;0.66;10.9;6
129;6.1;0.38;0.15;1.8;0.072;6.0;19.0;0.9955;3.42;0.57;9.4;5
746;8.2;0.34;0.38;2.5;0.08;12.0;57.0;0.9978;3.3;0.47;9.0;6
709;9.7;0.31;0.47;1.6;0.062;13.0;33.0;0.9983;3.27;0.66;10.0;6
313;8.6;0.47;0.3;3.0;0.076;30.0;135.0;0.9976;3.3;0.53;9.4;5
515;8.5;0.655;0.49;6.1;0.122;34.0;151.0;1.001;3.31;1.14;9.3;5
1043;9.5;0.39;0.41;8.9;0.069;18.0;39.0;0.99859;3.29;0.81;10.9;7
163;7.4;0.6;0.26;7.3;0.07;36.0;121.0;0.9982;3.37;0.49;9.4;5
541;9.5;0.46;0.49;6.3;0.064;5.0;17.0;0.9988;3.21;0.73;11.0;6
1452;6.6;0.58;0.02;2.0;0.062;37.0;53.0;0.99374;3.35;0.76;11.6;7
1556;6.6;0.88;0.04;2.2;0.066;12.0;20.0;0.99636;3.53;0.56;9.9;5
263;7.9;0.37;0.23;1.8;0.077;23.0;49.0;0.9963;3.28;0.67;9.3;5
944;8.3;0.3;0.49;3.8;0.09;11.0;24.0;0.99498;3.27;0.64;12.1;7
1088;11.6;0.41;0.54;1.5;0.095;22.0;41.0;0.99735;3.02;0.76;9.9;7
123;8.0;0.71;0.0;2.6;0.08;11.0;34.0;0.9976;3.44;0.53;9.5;5
225;7.7;0.43;0.25;2.6;0.073;29.0;63.0;0.99615;3.37;0.58;10.5;6
487;10.2;0.645;0.36;1.8;0.053;5.0;14.0;0.9982;3.17;0.42;10.0;6
197;11.5;0.3;0.6;2.0;0.067;12.0;27.0;0.9981;3.11;0.97;10.1;6
735;7.7;0.965;0.1;2.1;0.112;11.0;22.0;0.9963;3.26;0.5;9.5;5
167;7.3;0.55;0.03;1.6;0.072;17.0;42.0;0.9956;3.37;0.48;9.0;4
869;7.6;0.63;0.03;2.0;0.08;27.0;43.0;0.99578;3.44;0.64;10.9;6
688;7.7;0.66;0.04;1.6;0.039;4.0;9.0;0.9962;3.4;0.47;9.4;5
573;10.5;0.59;0.49;2.1;0.07;14.0;47.0;0.9991;3.3;0.56;9.6;4
272;10.9;0.37;0.58;4.0;0.071;17.0;65.0;0.99935;3.22;0.78;10.1;5
996;5.6;0.66;0.0;2.2;0.087;3.0;11.0;0.99378;3.71;0.63;12.8;7
1358;7.4;0.64;0.17;5.4;0.168;52.0;98.0;0.99736;3.28;0.5;9.5;5
1412;8.2;0.24;0.34;5.1;0.062;8.0;22.0;0.9974;3.22;0.94;10.9;6
1280;7.1;0.46;0.2;1.9;0.077;28.0;54.0;0.9956;3.37;0.64;10.4;6
1407;6.0;0.51;0.0;2.1;0.064;40.0;54.0;0.995;3.54;0.93;10.7;6
381;13.7;0.415;0.68;2.9;0.085;17.0;43.0;1.0014;3.06;0.8;10.0;6
308;10.3;0.43;0.44;2.4;0.214;5.0;12.0;0.9994;3.19;0.63;9.5;6
861;5.8;1.01;0.66;2.0;0.039;15.0;88.0;0.99357;3.66;0.6;11.5;6
810;7.3;0.49;0.1;2.6;0.068;4.0;14.0;0.99562;3.3;0.47;10.5;5
1067;11.1;0.31;0.53;2.2;0.06;3.0;10.0;0.99572;3.02;0.83;10.9;7
35;7.8;0.645;0.0;5.5;0.086;5.0;18.0;0.9986;3.4;0.55;9.6;6
743;11.6;0.41;0.58;2.8;0.096;25.0;101.0;1.00024;3.13;0.53;10.0;5
1007;9.1;0.3;0.34;2.0;0.064;12.0;25.0;0.99516;3.26;0.84;11.7;7
151;9.2;0.52;1.0;3.4;0.61;32.0;69.0;0.9996;2.74;2.0;9.4;4
540;9.2;0.59;0.24;3.3;0.101;20.0;47.0;0.9988;3.26;0.67;9.6;5
278;10.3;0.32;0.45;6.4;0.073;5.0;13.0;0.9976;3.23;0.82;12.6;8
1084;7.2;0.38;0.3;1.8;0.073;31.0;70.0;0.99685;3.42;0.59;9.5;6
25;6.3;0.39;0.16;1.4;0.08;11.0;23.0;0.9955;3.34;0.56;9.3;5
280;11.4;0.26;0.44;3.6;0.071;6.0;19.0;0.9986;3.12;0.82;9.3;6
27;7.9;0.43;0.21;1.6;0.106;10.0;37.0;0.9966;3.17;0.91;9.5;5
1033;7.5;0.57;0.08;2.6;0.089;14.0;27.0;0.99592;3.3;0.59;10.4;6
1574;5.6;0.31;0.78;13.9;0.074;23.0;92.0;0.99677;3.39;0.48;10.5;6
1012;7.7;1.005;0.15;2.1;0.102;11.0;32.0;0.99604;3.23;0.48;10.0;5
175;6.9;0.5;0.04;1.5;0.085;19.0;49.0;0.9958;3.35;0.78;9.5;5
1160;10.6;0.36;0.57;2.3;0.087;6.0;20.0;0.99676;3.14;0.72;11.1;7
11;7.5;0.5;0.36;6.1;0.071;17.0;102.0;0.9978;3.35;0.8;10.5;5
1386;7.4;0.64;0.07;1.8;0.1;8.0;23.0;0.9961;3.3;0.58;9.6;5
662;7.2;0.57;0.06;1.6;0.076;9.0;27.0;0.9972;3.36;0.7;9.6;6
1490;7.1;0.22;0.49;1.8;0.039;8.0;18.0;0.99344;3.39;0.56;12.4;6
459;11.6;0.58;0.66;2.2;0.074;10.0;47.0;1.0008;3.25;0.57;9.0;3
282;7.6;0.52;0.12;3.0;0.067;12.0;53.0;0.9971;3.36;0.57;9.1;5
1370;8.7;0.78;0.51;1.7;0.415;12.0;66.0;0.99623;3.0;1.17;9.2;5
565;12.7;0.6;0.49;2.8;0.075;5.0;19.0;0.9994;3.14;0.57;11.4;5
190;8.2;0.5;0.35;2.9;0.077;21.0;127.0;0.9976;3.23;0.62;9.4;5
965;8.3;0.34;0.4;2.4;0.065;24.0;48.0;0.99554;3.34;0.86;11.0;6
1428;7.8;0.64;0.0;1.9;0.072;27.0;55.0;0.9962;3.31;0.63;11.0;5
1113;8.9;0.24;0.39;1.6;0.074;3.0;10.0;0.99698;3.12;0.59;9.5;6
1575;7.5;0.52;0.4;2.2;0.06;12.0;20.0;0.99474;3.26;0.64;11.8;6
929;8.7;0.33;0.38;3.3;0.063;10.0;19.0;0.99468;3.3;0.73;12.0;7
918;8.4;0.36;0.32;2.2;0.081;32.0;79.0;0.9964;3.3;0.72;11.0;6
957;9.5;0.37;0.52;2.0;0.088;12.0;51.0;0.99613;3.29;0.58;11.1;6
279;8.9;0.4;0.32;5.6;0.087;10.0;47.0;0.9991;3.38;0.77;10.5;7
1424;8.3;0.26;0.37;1.4;0.076;8.0;23.0;0.9974;3.26;0.7;9.6;6
956;9.0;0.36;0.52;2.1;0.111;5.0;10.0;0.99568;3.31;0.62;11.3;6
1568;7.0;0.56;0.13;1.6;0.077;25.0;42.0;0.99629;3.34;0.59;9.2;5
195;7.8;0.59;0.33;2.0;0.074;24.0;120.0;0.9968;3.25;0.54;9.4;5
529;9.9;0.63;0.24;2.4;0.077;6.0;33.0;0.9974;3.09;0.57;9.4;5
830;7.5;0.685;0.07;2.5;0.058;5.0;9.0;0.99632;3.38;0.55;10.9;4
243;15.0;0.21;0.44;2.2;0.075;10.0;24.0;1.00005;3.07;0.84;9.2;7
579;10.6;0.31;0.49;2.2;0.063;18.0;40.0;0.9976;3.14;0.51;9.8;6
1390;6.0;0.49;0.0;2.3;0.068;15.0;33.0;0.99292;3.58;0.59;12.5;6
1335;6.6;0.58;0.02;2.4;0.069;19.0;40.0;0.99387;3.38;0.66;12.6;6
1331;7.8;0.87;0.26;3.8;0.107;31.0;67.0;0.99668;3.26;0.46;9.2;5
910;9.3;0.38;0.48;3.8;0.132;3.0;11.0;0.99577;3.23;0.57;13.2;6
157;7.1;0.43;0.42;5.5;0.071;28.0;128.0;0.9973;3.42;0.71;10.5;5
1540;6.2;0.52;0.08;4.4;0.071;11.0;32.0;0.99646;3.56;0.63;11.6;6
538;12.9;0.35;0.49;5.8;0.066;5.0;35.0;1.0014;3.2;0.66;12.0;7
549;9.0;0.53;0.49;1.9;0.171;6.0;25.0;0.9975;3.27;0.61;9.4;6
1579;6.2;0.56;0.09;1.7;0.053;24.0;32.0;0.99402;3.54;0.6;11.3;5
765;9.2;0.67;0.1;3.0;0.091;12.0;48.0;0.99888;3.31;0.54;9.5;6
1404;8.0;0.5;0.39;2.6;0.082;12.0;46.0;0.9985;3.43;0.62;10.7;6
1427;7.6;0.41;0.33;2.5;0.078;6.0;23.0;0.9957;3.3;0.58;11.2;5
1319;9.1;0.76;0.68;1.7;0.414;18.0;64.0;0.99652;2.9;1.33;9.1;6
831;5.9;0.61;0.08;2.1;0.071;16.0;24.0;0.99376;3.56;0.77;11.1;6
754;7.8;0.48;0.68;1.7;0.415;14.0;32.0;0.99656;3.09;1.06;9.1;6
1520;6.5;0.53;0.06;2.0;0.063;29.0;44.0;0.99489;3.38;0.83;10.3;6
446;12.5;0.38;0.6;2.6;0.081;31.0;72.0;0.9996;3.1;0.73;10.5;5
1142;6.9;0.45;0.11;2.4;0.043;6.0;12.0;0.99354;3.3;0.65;11.4;6
1045;6.9;0.44;0.0;1.4;0.07;32.0;38.0;0.99438;3.32;0.58;11.4;6
617;11.5;0.31;0.51;2.2;0.079;14.0;28.0;0.9982;3.03;0.93;9.8;6
855;7.6;0.735;0.02;2.5;0.071;10.0;14.0;0.99538;3.51;0.71;11.7;7
732;7.3;0.835;0.03;2.1;0.092;10.0;19.0;0.9966;3.39;0.47;9.6;5
848;6.4;0.64;0.21;1.8;0.081;14.0;31.0;0.99689;3.59;0.66;9.8;5
1334;7.2;0.835;0.0;2.0;0.166;4.0;11.0;0.99608;3.39;0.52;10.0;5
1485;7.0;0.655;0.16;2.1;0.074;8.0;25.0;0.99606;3.37;0.55;9.7;5
1495;7.0;0.43;0.02;1.9;0.08;15.0;28.0;0.99492;3.35;0.81;10.6;6
1240;7.5;0.61;0.2;1.7;0.076;36.0;60.0;0.99494;3.1;0.4;9.3;5
1478;7.1;0.875;0.05;5.7;0.082;3.0;14.0;0.99808;3.4;0.52;10.2;3
1307;6.8;0.68;0.09;3.9;0.068;15.0;29.0;0.99524;3.41;0.52;11.1;4
992;6.5;0.4;0.1;2.0;0.076;30.0;47.0;0.99554;3.36;0.48;9.4;6
417;7.0;0.58;0.12;1.9;0.091;34.0;124.0;0.9956;3.44;0.48;10.5;5
1430;7.4;0.41;0.24;1.8;0.066;18.0;47.0;0.9956;3.37;0.62;10.4;5
405;8.7;0.31;0.46;1.4;0.059;11.0;25.0;0.9966;3.36;0.76;10.1;6
824;7.1;0.48;0.28;2.8;0.068;6.0;16.0;0.99682;3.24;0.53;10.3;5
812;10.8;0.45;0.33;2.5;0.099;20.0;38.0;0.99818;3.24;0.71;10.8;5
276;6.9;0.54;0.04;3.0;0.077;7.0;27.0;0.9987;3.69;0.91;9.4;6
694;9.0;0.47;0.31;2.7;0.084;24.0;125.0;0.9984;3.31;0.61;9.4;5
1410;6.6;0.96;0.0;1.8;0.082;5.0;16.0;0.9936;3.5;0.44;11.9;6
1019;7.0;0.5;0.14;1.8;0.078;10.0;23.0;0.99636;3.53;0.61;10.4;5
566;8.7;0.7;0.24;2.5;0.226;5.0;15.0;0.9991;3.32;0.6;9.0;6
54;7.6;0.51;0.15;2.8;0.11;33.0;73.0;0.9955;3.17;0.63;10.2;6
842;10.6;0.5;0.45;2.6;0.119;34.0;68.0;0.99708;3.23;0.72;10.9;6
352;7.7;0.665;0.0;2.4;0.09;8.0;19.0;0.9974;3.27;0.73;9.3;5
775;7.2;1.0;0.0;3.0;0.102;7.0;16.0;0.99586;3.43;0.46;10.0;5
1459;7.9;0.2;0.35;1.7;0.054;7.0;15.0;0.99458;3.32;0.8;11.9;7
1585;7.2;0.39;0.44;2.6;0.066;22.0;48.0;0.99494;3.3;0.84;11.5;6
1543;11.1;0.44;0.42;2.2;0.064;14.0;19.0;0.99758;3.25;0.57;10.4;6
1533;8.0;0.39;0.3;1.9;0.074;32.0;84.0;0.99717;3.39;0.61;9.0;5
1565;6.7;0.67;0.02;1.9;0.061;26.0;42.0;0.99489;3.39;0.82;10.9;6
467;8.8;0.46;0.45;2.6;0.065;7.0;18.0;0.9947;3.32;0.79;14.0;6
365;10.0;0.42;0.5;3.4;0.107;7.0;21.0;0.9979;3.26;0.93;11.8;6
1550;7.1;0.68;0.0;2.3;0.087;17.0;26.0;0.99783;3.45;0.53;9.5;5
1152;8.3;0.6;0.25;2.2;0.118;9.0;38.0;0.99616;3.15;0.53;9.8;5
509;13.3;0.29;0.75;2.8;0.084;23.0;43.0;0.9986;3.04;0.68;11.4;7
734;7.7;0.56;0.2;2.0;0.075;9.0;39.0;0.9987;3.48;0.62;9.3;5
57;7.5;0.63;0.12;5.1;0.111;50.0;110.0;0.9983;3.26;0.77;9.4;5
518;10.9;0.21;0.49;2.8;0.088;11.0;32.0;0.9972;3.22;0.68;11.7;6
873;9.1;0.21;0.37;1.6;0.067;6.0;10.0;0.99552;3.23;0.58;11.1;7
1431;7.6;0.43;0.31;2.1;0.069;13.0;74.0;0.9958;3.26;0.54;9.9;6
321;9.3;0.61;0.26;3.4;0.09;25.0;87.0;0.99975;3.24;0.62;9.7;5
1464;6.8;0.59;0.1;1.7;0.063;34.0;53.0;0.9958;3.41;0.67;9.7;5
249;7.3;0.66;0.0;2.0;0.084;6.0;23.0;0.9983;3.61;0.96;9.9;6
1426;7.7;0.23;0.37;1.8;0.046;23.0;60.0;0.9971;3.41;0.71;12.1;6
1272;5.9;0.46;0.0;1.9;0.077;25.0;44.0;0.99385;3.5;0.53;11.2;5
473;9.9;0.35;0.55;2.1;0.062;5.0;14.0;0.9971;3.26;0.79;10.6;5
1525;6.7;0.48;0.08;2.1;0.064;18.0;34.0;0.99552;3.33;0.64;9.7;5
890;7.2;0.34;0.24;2.0;0.071;30.0;52.0;0.99576;3.44;0.58;10.1;5
1174;7.6;0.36;0.31;1.7;0.079;26.0;65.0;0.99716;3.46;0.62;9.5;6
1265;7.2;0.57;0.05;2.3;0.081;16.0;36.0;0.99564;3.38;0.6;10.3;6
879;7.2;0.6;0.04;2.5;0.076;18.0;88.0;0.99745;3.53;0.55;9.5;5
761;9.3;0.655;0.26;2.0;0.096;5.0;35.0;0.99738;3.25;0.42;9.6;5
1149;10.0;0.35;0.47;2.0;0.061;6.0;11.0;0.99585;3.23;0.52;12.0;6
126;8.2;1.33;0.0;1.7;0.081;3.0;12.0;0.9964;3.53;0.49;10.9;5
1259;6.8;0.64;0.0;2.7;0.123;15.0;33.0;0.99538;3.44;0.63;11.3;6
927;8.4;0.67;0.19;2.2;0.093;11.0;75.0;0.99736;3.2;0.59;9.2;4
1321;5.0;0.74;0.0;1.2;0.041;16.0;46.0;0.99258;4.01;0.59;12.5;6
62;7.5;0.52;0.16;1.9;0.085;12.0;35.0;0.9968;3.38;0.62;9.5;7
1399;7.2;0.67;0.0;2.2;0.068;10.0;24.0;0.9956;3.42;0.72;11.1;6
338;12.4;0.49;0.58;3.0;0.103;28.0;99.0;1.0008;3.16;1.0;11.5;6
121;8.8;0.55;0.04;2.2;0.119;14.0;56.0;0.9962;3.21;0.6;10.9;6
599;12.7;0.59;0.45;2.3;0.082;11.0;22.0;1.0;3.0;0.7;9.3;6
1129;10.5;0.43;0.35;3.3;0.092;24.0;70.0;0.99798;3.21;0.69;10.5;6
1122;6.3;0.47;0.0;1.4;0.055;27.0;33.0;0.9922;3.45;0.48;12.3;6
1552;6.3;0.68;0.01;3.7;0.103;32.0;54.0;0.99586;3.51;0.66;11.3;6
871;6.9;0.56;0.03;1.5;0.086;36.0;46.0;0.99522;3.53;0.57;10.6;5
943;9.8;0.5;0.34;2.3;0.094;10.0;45.0;0.99864;3.24;0.6;9.7;7
1090;10.0;0.26;0.54;1.9;0.083;42.0;74.0;0.99451;2.98;0.63;11.8;8
50;8.8;0.66;0.26;1.7;0.074;4.0;23.0;0.9971;3.15;0.74;9.2;5
1170;9.2;0.36;0.34;1.6;0.062;5.0;12.0;0.99667;3.2;0.67;10.5;6
494;6.5;0.39;0.23;8.3;0.051;28.0;91.0;0.9952;3.44;0.55;12.1;6
1392;7.1;0.62;0.06;1.3;0.07;5.0;12.0;0.9942;3.17;0.48;9.8;5
1226;7.5;0.58;0.03;4.1;0.08;27.0;46.0;0.99592;3.02;0.47;9.2;5
1534;6.6;0.56;0.14;2.4;0.064;13.0;29.0;0.99397;3.42;0.62;11.7;7
252;11.1;0.35;0.48;3.1;0.09;5.0;21.0;0.9986;3.17;0.53;10.5;5
1085;6.8;0.48;0.08;1.8;0.074;40.0;64.0;0.99529;3.12;0.49;9.6;5
184;6.7;0.62;0.21;1.9;0.079;8.0;62.0;0.997;3.52;0.58;9.3;6
369;9.4;0.27;0.53;2.4;0.074;6.0;18.0;0.9962;3.2;1.13;12.0;7
450;11.9;0.39;0.69;2.8;0.095;17.0;35.0;0.9994;3.1;0.61;10.8;6
1449;7.2;0.38;0.31;2.0;0.056;15.0;29.0;0.99472;3.23;0.76;11.3;8
61;7.7;0.69;0.49;1.8;0.115;20.0;112.0;0.9968;3.21;0.71;9.3;5
82;7.4;0.5;0.47;2.0;0.086;21.0;73.0;0.997;3.36;0.57;9.1;5
98;7.6;0.9;0.06;2.5;0.079;5.0;10.0;0.9967;3.39;0.56;9.8;5
63;7.0;0.735;0.05;2.0;0.081;13.0;54.0;0.9966;3.39;0.57;9.8;5
603;13.2;0.46;0.52;2.2;0.071;12.0;35.0;1.0006;3.1;0.56;9.0;6
880;9.2;0.56;0.18;1.6;0.078;10.0;21.0;0.99576;3.15;0.49;9.9;5
1312;8.0;1.18;0.21;1.9;0.083;14.0;41.0;0.99532;3.34;0.47;10.5;5
1406;8.2;0.24;0.34;5.1;0.062;8.0;22.0;0.9974;3.22;0.94;10.9;6
220;7.8;0.34;0.37;2.0;0.082;24.0;58.0;0.9964;3.34;0.59;9.4;6
942;10.1;0.43;0.4;2.6;0.092;13.0;52.0;0.99834;3.22;0.64;10.0;7
578;8.8;0.47;0.49;2.9;0.085;17.0;110.0;0.9982;3.29;0.6;9.8;5
1064;8.2;0.74;0.09;2.0;0.067;5.0;10.0;0.99418;3.28;0.57;11.8;6
900;8.9;0.31;0.36;2.6;0.056;10.0;39.0;0.99562;3.4;0.69;11.8;5
839;6.0;0.5;0.04;2.2;0.092;13.0;26.0;0.99647;3.46;0.47;10.0;5
336;8.9;0.43;0.45;1.9;0.052;6.0;16.0;0.9948;3.35;0.7;12.5;6
762;8.8;0.7;0.0;1.7;0.069;8.0;19.0;0.99701;3.31;0.53;10.0;6
798;9.4;0.5;0.34;3.6;0.082;5.0;14.0;0.9987;3.29;0.52;10.7;6
1393;8.0;0.52;0.25;2.0;0.078;19.0;59.0;0.99612;3.3;0.48;10.2;5
835;7.6;0.665;0.1;1.5;0.066;27.0;55.0;0.99655;3.39;0.51;9.3;5
915;8.6;0.315;0.4;2.2;0.079;3.0;6.0;0.99512;3.27;0.67;11.9;6
1055;8.2;0.64;0.27;2.0;0.095;5.0;77.0;0.99747;3.13;0.62;9.1;6
692;8.6;0.49;0.51;2.0;0.422;16.0;62.0;0.9979;3.03;1.17;9.0;5
364;12.8;0.615;0.66;5.8;0.083;7.0;42.0;1.0022;3.07;0.73;10.0;7
1592;6.3;0.51;0.13;2.3;0.076;29.0;40.0;0.99574;3.42;0.75;11.0;6
270;7.9;0.545;0.06;4.0;0.087;27.0;61.0;0.9965;3.36;0.67;10.7;6
610;8.8;0.24;0.54;2.5;0.083;25.0;57.0;0.9983;3.39;0.54;9.2;5
1421;7.5;0.4;0.18;1.6;0.079;24.0;58.0;0.9965;3.34;0.58;9.4;5
954;7.6;0.43;0.4;2.7;0.082;6.0;11.0;0.99538;3.44;0.54;12.2;6
1202;8.6;0.42;0.39;1.8;0.068;6.0;12.0;0.99516;3.35;0.69;11.7;8
328;13.4;0.27;0.62;2.6;0.082;6.0;21.0;1.0002;3.16;0.67;9.7;6
1156;8.5;0.18;0.51;1.75;0.071;45.0;88.0;0.99524;3.33;0.76;11.8;7
1397;7.3;0.59;0.26;2.0;0.08;17.0;104.0;0.99584;3.28;0.52;9.9;5
788;10.0;0.56;0.24;2.2;0.079;19.0;58.0;0.9991;3.18;0.56;10.1;6
408;10.4;0.34;0.58;3.7;0.174;6.0;16.0;0.997;3.19;0.7;11.3;6
1360;9.2;0.54;0.31;2.3;0.112;11.0;38.0;0.99699;3.24;0.56;10.9;5
684;9.8;0.98;0.32;2.3;0.078;35.0;152.0;0.998;3.25;0.48;9.4;5
1345;8.2;0.44;0.24;2.3;0.063;10.0;28.0;0.99613;3.25;0.53;10.2;6
232;8.5;0.37;0.2;2.8;0.09;18.0;58.0;0.998;3.34;0.7;9.6;6
1260;8.6;0.635;0.68;1.8;0.403;19.0;56.0;0.99632;3.02;1.15;9.3;5
1471;6.7;0.7;0.08;3.75;0.067;8.0;16.0;0.99334;3.43;0.52;12.6;5
106;7.8;0.41;0.68;1.7;0.467;18.0;69.0;0.9973;3.08;1.31;9.3;5
777;6.9;0.635;0.17;2.4;0.241;6.0;18.0;0.9961;3.4;0.59;10.3;6
1232;7.6;0.43;0.29;2.1;0.075;19.0;66.0;0.99718;3.4;0.64;9.5;5
547;10.6;0.31;0.49;2.5;0.067;6.0;21.0;0.9987;3.26;0.86;10.7;6
85;6.9;0.55;0.15;2.2;0.076;19.0;40.0;0.9961;3.41;0.59;10.1;5
1037;7.3;0.91;0.1;1.8;0.074;20.0;56.0;0.99672;3.35;0.56;9.2;5
495;10.7;0.35;0.53;2.6;0.07;5.0;16.0;0.9972;3.15;0.65;11.0;8
1087;7.9;0.19;0.42;1.6;0.057;18.0;30.0;0.994;3.29;0.69;11.2;6
455;11.3;0.62;0.67;5.2;0.086;6.0;19.0;0.9988;3.22;0.69;13.4;8
372;9.1;0.28;0.48;1.8;0.067;26.0;46.0;0.9967;3.32;1.04;10.6;6
392;9.5;0.37;0.52;2.0;0.082;6.0;26.0;0.998;3.18;0.51;9.5;5
1215;8.8;0.27;0.46;2.1;0.095;20.0;29.0;0.99488;3.26;0.56;11.3;6
12;5.6;0.615;0.0;1.6;0.089;16.0;59.0;0.9943;3.58;0.52;9.9;5
1270;5.0;0.38;0.01;1.6;0.048;26.0;60.0;0.99084;3.7;0.75;14.0;6
1068;11.1;0.31;0.53;2.2;0.06;3.0;10.0;0.99572;3.02;0.83;10.9;7
119;7.0;0.69;0.08;1.8;0.097;22.0;89.0;0.9959;3.34;0.54;9.2;6
284;9.9;0.59;0.07;3.4;0.102;32.0;71.0;1.00015;3.31;0.71;9.8;5
471;9.6;0.54;0.42;2.4;0.081;25.0;52.0;0.997;3.2;0.71;11.4;6
1400;7.9;0.69;0.21;2.1;0.08;33.0;141.0;0.9962;3.25;0.51;9.9;5
551;9.4;0.43;0.24;2.8;0.092;14.0;45.0;0.998;3.19;0.73;10.0;6
0;7.4;0.7;0.0;1.9;0.076;11.0;34.0;0.9978;3.51;0.56;9.4;5
887;10.7;0.52;0.38;2.6;0.066;29.0;56.0;0.99577;3.15;0.79;12.1;7
857;8.2;0.26;0.34;2.5;0.073;16.0;47.0;0.99594;3.4;0.78;11.3;7
204;7.0;0.43;0.36;1.6;0.089;14.0;37.0;0.99615;3.34;0.56;9.2;6
919;8.4;0.62;0.12;1.8;0.072;38.0;46.0;0.99504;3.38;0.89;11.8;6
1374;6.8;0.815;0.0;1.2;0.267;16.0;29.0;0.99471;3.32;0.51;9.8;3
1384;7.1;0.755;0.15;1.8;0.107;20.0;84.0;0.99593;3.19;0.5;9.5;5
634;7.9;0.35;0.21;1.9;0.073;46.0;102.0;0.9964;3.27;0.58;9.5;5
633;10.1;0.935;0.22;3.4;0.105;11.0;86.0;1.001;3.43;0.64;11.3;4
757;8.1;0.87;0.0;2.2;0.084;10.0;31.0;0.99656;3.25;0.5;9.8;5
1052;5.6;0.605;0.05;2.4;0.073;19.0;25.0;0.99258;3.56;0.55;12.9;5
460;9.2;0.43;0.52;2.3;0.083;14.0;23.0;0.9976;3.35;0.61;11.3;6
1291;8.2;0.635;0.1;2.1;0.073;25.0;60.0;0.99638;3.29;0.75;10.9;6
469;8.7;0.82;0.02;1.2;0.07;36.0;48.0;0.9952;3.2;0.58;9.8;5
1357;7.3;0.43;0.24;2.5;0.078;27.0;67.0;0.99648;3.6;0.59;11.1;6
1211;6.6;0.44;0.15;2.1;0.076;22.0;53.0;0.9957;3.32;0.62;9.3;5
302;8.3;0.705;0.12;2.6;0.092;12.0;28.0;0.9994;3.51;0.72;10.0;5
38;5.7;1.13;0.09;1.5;0.172;7.0;19.0;0.994;3.5;0.48;9.8;4
645;7.8;0.64;0.1;6.0;0.115;5.0;11.0;0.9984;3.37;0.69;10.1;7
316;9.6;0.56;0.23;3.4;0.102;37.0;92.0;0.9996;3.3;0.65;10.1;5
595;8.9;0.595;0.41;7.9;0.086;30.0;109.0;0.9998;3.27;0.57;9.3;5
37;8.1;0.38;0.28;2.1;0.066;13.0;30.0;0.9968;3.23;0.73;9.7;7
275;7.9;0.545;0.06;4.0;0.087;27.0;61.0;0.9965;3.36;0.67;10.7;6
1283;8.7;0.63;0.28;2.7;0.096;17.0;69.0;0.99734;3.26;0.63;10.2;6
103;8.1;0.575;0.22;2.1;0.077;12.0;65.0;0.9967;3.29;0.51;9.2;5
135;8.4;0.745;0.11;1.9;0.09;16.0;63.0;0.9965;3.19;0.82;9.6;5
493;8.7;0.69;0.31;3.0;0.086;23.0;81.0;1.0002;3.48;0.74;11.6;6
1305;7.5;0.61;0.26;1.9;0.073;24.0;88.0;0.99612;3.3;0.53;9.8;5
729;6.4;0.865;0.03;3.2;0.071;27.0;58.0;0.995;3.61;0.49;12.7;6
19;7.9;0.32;0.51;1.8;0.341;17.0;56.0;0.9969;3.04;1.08;9.2;6
1355;6.1;0.32;0.25;1.8;0.086;5.0;32.0;0.99464;3.36;0.44;10.1;5
256;9.4;0.34;0.37;2.2;0.075;5.0;13.0;0.998;3.22;0.62;9.2;5
980;9.1;0.5;0.3;1.9;0.065;8.0;17.0;0.99774;3.32;0.71;10.5;6
1151;6.1;0.58;0.23;2.5;0.044;16.0;70.0;0.99352;3.46;0.65;12.5;6
577;8.8;0.44;0.49;2.8;0.083;18.0;111.0;0.9982;3.3;0.6;9.5;5
833;11.6;0.47;0.44;1.6;0.147;36.0;51.0;0.99836;3.38;0.86;9.9;4
1243;8.3;0.56;0.22;2.4;0.082;10.0;86.0;0.9983;3.37;0.62;9.5;5
1030;7.1;0.59;0.0;2.1;0.091;9.0;14.0;0.99488;3.42;0.55;11.5;7
269;11.5;0.18;0.51;4.0;0.104;4.0;23.0;0.9996;3.28;0.97;10.1;6
1350;9.0;0.6;0.29;2.0;0.069;32.0;73.0;0.99654;3.34;0.57;10.0;5
21;7.6;0.39;0.31;2.3;0.082;23.0;71.0;0.9982;3.52;0.65;9.7;5
447;9.3;0.48;0.29;2.1;0.127;6.0;16.0;0.9968;3.22;0.72;11.2;5
1594;6.2;0.6;0.08;2.0;0.09;32.0;44.0;0.9949;3.45;0.58;10.5;5
785;9.9;0.35;0.41;2.3;0.083;11.0;61.0;0.9982;3.21;0.5;9.5;5
560;12.7;0.6;0.49;2.8;0.075;5.0;19.0;0.9994;3.14;0.57;11.4;5
697;7.0;0.65;0.02;2.1;0.066;8.0;25.0;0.9972;3.47;0.67;9.5;6
867;6.9;0.51;0.23;2.0;0.072;13.0;22.0;0.99438;3.4;0.84;11.2;6
763;9.3;0.655;0.26;2.0;0.096;5.0;35.0;0.99738;3.25;0.42;9.6;5
1311;6.5;0.51;0.15;3.0;0.064;12.0;27.0;0.9929;3.33;0.59;12.8;6
1150;8.2;0.33;0.32;2.8;0.067;4.0;12.0;0.99473;3.3;0.76;12.8;7
1432;5.9;0.44;0.0;1.6;0.042;3.0;11.0;0.9944;3.48;0.85;11.7;6
535;9.1;0.22;0.24;2.1;0.078;1.0;28.0;0.999;3.41;0.87;10.3;6
564;13.0;0.47;0.49;4.3;0.085;6.0;47.0;1.0021;3.3;0.68;12.7;6
719;7.1;0.66;0.0;3.9;0.086;17.0;45.0;0.9976;3.46;0.54;9.5;5
10;6.7;0.58;0.08;1.8;0.097;15.0;65.0;0.9959;3.28;0.54;9.2;5
1564;7.2;0.695;0.13;2.0;0.076;12.0;20.0;0.99546;3.29;0.54;10.1;5
1547;6.3;0.6;0.1;1.6;0.048;12.0;26.0;0.99306;3.55;0.51;12.1;5
1266;7.2;0.57;0.05;2.3;0.081;16.0;36.0;0.99564;3.38;0.6;10.3;6
1286;7.1;0.16;0.44;2.5;0.068;17.0;31.0;0.99328;3.35;0.54;12.4;6
150;7.3;0.33;0.47;2.1;0.077;5.0;11.0;0.9958;3.33;0.53;10.3;6
410;9.0;0.43;0.34;2.5;0.08;26.0;86.0;0.9987;3.38;0.62;9.5;6
517;10.4;0.61;0.49;2.1;0.2;5.0;16.0;0.9994;3.16;0.63;8.4;3
69;8.0;0.705;0.05;1.9;0.074;8.0;19.0;0.9962;3.34;0.95;10.5;6
768;7.1;0.59;0.02;2.3;0.082;24.0;94.0;0.99744;3.55;0.53;9.7;6
448;8.6;0.53;0.22;2.0;0.1;7.0;27.0;0.9967;3.2;0.56;10.2;6
730;9.5;0.55;0.66;2.3;0.387;12.0;37.0;0.9982;3.17;0.67;9.6;5
720;8.4;0.56;0.04;2.0;0.082;10.0;22.0;0.9976;3.22;0.44;9.6;5
432;11.9;0.37;0.69;2.3;0.078;12.0;24.0;0.9958;3.0;0.65;12.8;6
212;11.6;0.44;0.64;2.1;0.059;5.0;15.0;0.998;3.21;0.67;10.2;6
594;7.9;0.72;0.17;2.6;0.096;20.0;38.0;0.9978;3.4;0.53;9.5;5
545;9.1;0.47;0.49;2.6;0.094;38.0;106.0;0.9982;3.08;0.59;9.1;5
829;5.9;0.61;0.08;2.1;0.071;16.0;24.0;0.99376;3.56;0.77;11.1;6
499;8.7;0.69;0.31;3.0;0.086;23.0;81.0;1.0002;3.48;0.74;11.6;6
657;12.0;0.5;0.59;1.4;0.073;23.0;42.0;0.998;2.92;0.68;10.5;7
1027;6.4;0.795;0.0;2.2;0.065;28.0;52.0;0.99378;3.49;0.52;11.6;5
877;7.7;0.715;0.01;2.1;0.064;31.0;43.0;0.99371;3.41;0.57;11.8;6
1133;7.2;0.48;0.07;5.5;0.089;10.0;18.0;0.99684;3.37;0.68;11.2;7
1352;7.6;0.645;0.03;1.9;0.086;14.0;57.0;0.9969;3.37;0.46;10.3;5
1302;9.1;0.37;0.32;2.1;0.064;4.0;15.0;0.99576;3.3;0.8;11.2;6
779;7.1;0.52;0.03;2.6;0.076;21.0;92.0;0.99745;3.5;0.6;9.8;5
1137;10.4;0.52;0.45;2.0;0.08;6.0;13.0;0.99774;3.22;0.76;11.4;6
1353;7.6;0.645;0.03;1.9;0.086;14.0;57.0;0.9969;3.37;0.46;10.3;5
77;6.8;0.785;0.0;2.4;0.104;14.0;30.0;0.9966;3.52;0.55;10.7;6
1077;8.6;0.37;0.65;6.4;0.08;3.0;8.0;0.99817;3.27;0.58;11.0;5
1200;7.7;0.57;0.21;1.5;0.069;4.0;9.0;0.99458;3.16;0.54;9.8;6
635;8.7;0.84;0.0;1.4;0.065;24.0;33.0;0.9954;3.27;0.55;9.7;5
1398;7.0;0.6;0.12;2.2;0.083;13.0;28.0;0.9966;3.52;0.62;10.2;7
1041;6.9;0.49;0.19;1.7;0.079;13.0;26.0;0.99547;3.38;0.64;9.8;6
1391;8.0;0.64;0.22;2.4;0.094;5.0;33.0;0.99612;3.37;0.58;11.0;5
51;6.6;0.52;0.04;2.2;0.069;8.0;15.0;0.9956;3.4;0.63;9.4;6
946;10.2;0.44;0.58;4.1;0.092;11.0;24.0;0.99745;3.29;0.99;12.0;7
4;7.4;0.7;0.0;1.9;0.076;11.0;34.0;0.9978;3.51;0.56;9.4;5
1349;6.9;0.57;0.0;2.8;0.081;21.0;41.0;0.99518;3.41;0.52;10.8;5
926;9.4;0.24;0.33;2.3;0.061;52.0;73.0;0.99786;3.47;0.9;10.2;6
1474;9.9;0.5;0.5;13.8;0.205;48.0;82.0;1.00242;3.16;0.75;8.8;5
1135;8.0;0.25;0.43;1.7;0.067;22.0;50.0;0.9946;3.38;0.6;11.9;6
214;7.8;0.735;0.08;2.4;0.092;10.0;41.0;0.9974;3.24;0.71;9.8;6
1025;8.6;0.83;0.0;2.8;0.095;17.0;43.0;0.99822;3.33;0.6;10.4;6
264;12.5;0.56;0.49;2.4;0.064;5.0;27.0;0.9999;3.08;0.87;10.9;5
621;8.2;0.56;0.23;3.4;0.078;14.0;104.0;0.9976;3.28;0.62;9.4;5
488;11.6;0.32;0.55;2.8;0.081;35.0;67.0;1.0002;3.32;0.92;10.8;7
963;8.8;0.27;0.39;2.0;0.1;20.0;27.0;0.99546;3.15;0.69;11.2;6
486;10.2;0.67;0.39;1.9;0.054;6.0;17.0;0.9976;3.17;0.47;10.0;5
514;10.5;0.51;0.64;2.4;0.107;6.0;15.0;0.9973;3.09;0.66;11.8;7
642;9.9;0.54;0.45;2.3;0.071;16.0;40.0;0.9991;3.39;0.62;9.4;5
623;7.9;0.51;0.25;2.9;0.077;21.0;45.0;0.9974;3.49;0.96;12.1;6
907;6.1;0.56;0.0;2.2;0.079;6.0;9.0;0.9948;3.59;0.54;11.5;6
751;8.3;0.65;0.1;2.9;0.089;17.0;40.0;0.99803;3.29;0.55;9.5;5
557;15.6;0.645;0.49;4.2;0.095;10.0;23.0;1.00315;2.92;0.74;11.1;5
1445;7.4;0.785;0.19;5.2;0.094;19.0;98.0;0.99713;3.16;0.52;9.6;6
669;11.3;0.34;0.45;2.0;0.082;6.0;15.0;0.9988;2.94;0.66;9.2;6
1187;7.0;0.43;0.3;2.0;0.085;6.0;39.0;0.99346;3.33;0.46;11.9;6
1228;5.1;0.42;0.0;1.8;0.044;18.0;88.0;0.99157;3.68;0.73;13.6;7
1476;9.9;0.5;0.5;13.8;0.205;48.0;82.0;1.00242;3.16;0.75;8.8;5
796;8.7;0.46;0.31;2.5;0.126;24.0;64.0;0.99746;3.1;0.74;9.6;5
483;10.6;0.36;0.6;2.2;0.152;7.0;18.0;0.9986;3.04;1.06;9.4;5
999;6.4;0.69;0.0;1.65;0.055;7.0;12.0;0.99162;3.47;0.53;12.9;6
52;6.6;0.5;0.04;2.1;0.068;6.0;14.0;0.9955;3.39;0.64;9.4;6
242;7.7;0.58;0.1;1.8;0.102;28.0;109.0;0.99565;3.08;0.49;9.8;6
268;6.9;0.54;0.04;3.0;0.077;7.0;27.0;0.9987;3.69;0.91;9.4;6
506;10.4;0.24;0.46;1.8;0.075;6.0;21.0;0.9976;3.25;1.02;10.8;7
513;10.5;0.51;0.64;2.4;0.107;6.0;15.0;0.9973;3.09;0.66;11.8;7
128;8.0;0.59;0.16;1.8;0.065;3.0;16.0;0.9962;3.42;0.92;10.5;7
379;8.3;0.42;0.38;2.5;0.094;24.0;60.0;0.9979;3.31;0.7;10.8;6
143;6.3;0.39;0.08;1.7;0.066;3.0;20.0;0.9954;3.34;0.58;9.4;5
109;8.1;0.785;0.52;2.0;0.122;37.0;153.0;0.9969;3.21;0.69;9.3;5
850;9.3;0.43;0.44;1.9;0.085;9.0;22.0;0.99708;3.28;0.55;9.5;5
176;7.3;0.38;0.21;2.0;0.08;7.0;35.0;0.9961;3.33;0.47;9.5;5
16;8.5;0.28;0.56;1.8;0.092;35.0;103.0;0.9969;3.3;0.75;10.5;7
721;8.9;0.48;0.24;2.85;0.094;35.0;106.0;0.9982;3.1;0.53;9.2;5
118;8.8;0.55;0.04;2.2;0.119;14.0;56.0;0.9962;3.21;0.6;10.9;6
146;5.8;0.68;0.02;1.8;0.087;21.0;94.0;0.9944;3.54;0.52;10.0;5
44;6.8;0.67;0.02;1.8;0.05;5.0;11.0;0.9962;3.48;0.52;9.5;5
397;11.5;0.59;0.59;2.6;0.087;13.0;49.0;0.9988;3.18;0.65;11.0;6
1325;6.7;0.46;0.24;1.7;0.077;18.0;34.0;0.9948;3.39;0.6;10.6;6
952;8.2;0.31;0.4;2.2;0.058;6.0;10.0;0.99536;3.31;0.68;11.2;7
1519;6.6;0.7;0.08;2.6;0.106;14.0;27.0;0.99665;3.44;0.58;10.2;5
1192;7.2;0.25;0.37;2.5;0.063;11.0;41.0;0.99439;3.52;0.8;12.4;7
843;7.1;0.685;0.35;2.0;0.088;9.0;92.0;0.9963;3.28;0.62;9.4;5
1511;7.1;0.69;0.04;2.1;0.068;19.0;27.0;0.99712;3.44;0.67;9.8;5
1197;7.7;0.57;0.21;1.5;0.069;4.0;9.0;0.99458;3.16;0.54;9.8;6
400;6.6;0.735;0.02;7.9;0.122;68.0;124.0;0.9994;3.47;0.53;9.9;5
492;8.9;0.4;0.51;2.6;0.052;13.0;27.0;0.995;3.32;0.9;13.4;7
162;7.8;0.53;0.04;1.7;0.076;17.0;31.0;0.9964;3.33;0.56;10.0;6
1114;5.0;0.4;0.5;4.3;0.046;29.0;80.0;0.9902;3.49;0.66;13.6;6
865;7.2;0.635;0.07;2.6;0.077;16.0;86.0;0.99748;3.51;0.54;9.7;5
102;8.1;0.545;0.18;1.9;0.08;13.0;35.0;0.9972;3.3;0.59;9.0;6
674;10.8;0.4;0.41;2.2;0.084;7.0;17.0;0.9984;3.08;0.67;9.3;6
219;7.8;0.53;0.33;2.4;0.08;24.0;144.0;0.99655;3.3;0.6;9.5;5
285;9.9;0.59;0.07;3.4;0.102;32.0;71.0;1.00015;3.31;0.71;9.8;5
108;8.0;0.33;0.53;2.5;0.091;18.0;80.0;0.9976;3.37;0.8;9.6;6
911;9.1;0.28;0.46;9.0;0.114;3.0;9.0;0.99901;3.18;0.6;10.9;6
265;11.8;0.26;0.52;1.8;0.071;6.0;10.0;0.9968;3.2;0.72;10.2;7
339;12.5;0.28;0.54;2.3;0.082;12.0;29.0;0.9997;3.11;1.36;9.8;7
620;8.3;0.54;0.24;3.4;0.076;16.0;112.0;0.9976;3.27;0.61;9.4;5
18;7.4;0.59;0.08;4.4;0.086;6.0;29.0;0.9974;3.38;0.5;9.0;4
1369;6.6;0.61;0.0;1.6;0.069;4.0;8.0;0.99396;3.33;0.37;10.4;4
866;6.8;0.49;0.22;2.3;0.071;13.0;24.0;0.99438;3.41;0.83;11.3;6
1127;6.3;0.76;0.0;2.9;0.072;26.0;52.0;0.99379;3.51;0.6;11.5;6
740;8.3;0.76;0.29;4.2;0.075;12.0;16.0;0.9965;3.45;0.68;11.5;6
1216;7.9;0.57;0.31;2.0;0.079;10.0;79.0;0.99677;3.29;0.69;9.5;6
1573;6.0;0.58;0.2;2.4;0.075;15.0;50.0;0.99467;3.58;0.67;12.5;6
1039;8.9;0.5;0.21;2.2;0.088;21.0;39.0;0.99692;3.33;0.83;11.1;6
1578;6.8;0.67;0.15;1.8;0.118;13.0;20.0;0.9954;3.42;0.67;11.3;6
627;8.8;0.6;0.29;2.2;0.098;5.0;15.0;0.9988;3.36;0.49;9.1;5
691;9.2;0.92;0.24;2.6;0.087;12.0;93.0;0.9998;3.48;0.54;9.8;5
125;9.0;0.62;0.04;1.9;0.146;27.0;90.0;0.9984;3.16;0.7;9.4;5
305;10.3;0.53;0.48;2.5;0.063;6.0;25.0;0.9998;3.12;0.59;9.3;6
683;8.1;0.78;0.23;2.6;0.059;5.0;15.0;0.997;3.37;0.56;11.3;5
738;9.0;0.46;0.23;2.8;0.092;28.0;104.0;0.9983;3.1;0.56;9.2;5
1463;6.9;0.63;0.01;2.4;0.076;14.0;39.0;0.99522;3.34;0.53;10.8;6
520;9.8;0.25;0.49;2.7;0.088;15.0;33.0;0.9982;3.42;0.9;10.0;6
1130;9.1;0.6;0.0;1.9;0.058;5.0;10.0;0.9977;3.18;0.63;10.4;6
1250;7.1;0.6;0.01;2.3;0.079;24.0;37.0;0.99514;3.4;0.61;10.9;6
330;10.2;0.36;0.64;2.9;0.122;10.0;41.0;0.998;3.23;0.66;12.5;6
1417;7.3;0.34;0.33;2.5;0.064;21.0;37.0;0.9952;3.35;0.77;12.1;7
1423;6.4;0.53;0.09;3.9;0.123;14.0;31.0;0.9968;3.5;0.67;11.0;4
292;10.4;0.55;0.23;2.7;0.091;18.0;48.0;0.9994;3.22;0.64;10.3;6
318;9.8;0.66;0.39;3.2;0.083;21.0;59.0;0.9989;3.37;0.71;11.5;7
353;13.5;0.53;0.79;4.8;0.12;23.0;77.0;1.0018;3.18;0.77;13.0;5
1492;6.2;0.65;0.06;1.6;0.05;6.0;18.0;0.99348;3.57;0.54;11.95;5
1500;7.5;0.725;0.04;1.5;0.076;8.0;15.0;0.99508;3.26;0.53;9.6;5
533;10.3;0.27;0.24;2.1;0.072;15.0;33.0;0.9956;3.22;0.66;12.8;6
574;10.6;0.34;0.49;3.2;0.078;20.0;78.0;0.9992;3.19;0.7;10.0;6
988;7.7;0.39;0.12;1.7;0.097;19.0;27.0;0.99596;3.16;0.49;9.4;5
281;7.7;0.27;0.68;3.5;0.358;5.0;10.0;0.9972;3.25;1.08;9.9;7
1494;6.4;0.31;0.09;1.4;0.066;15.0;28.0;0.99459;3.42;0.7;10.0;7
424;7.7;0.96;0.2;2.0;0.047;15.0;60.0;0.9955;3.36;0.44;10.9;5
58;7.8;0.59;0.18;2.3;0.076;17.0;54.0;0.9975;3.43;0.59;10.0;5
394;12.7;0.6;0.65;2.3;0.063;6.0;25.0;0.9997;3.03;0.57;9.9;5
227;9.0;0.82;0.14;2.6;0.089;9.0;23.0;0.9984;3.39;0.63;9.8;5
45;4.6;0.52;0.15;2.1;0.054;8.0;65.0;0.9934;3.9;0.56;13.1;4
1418;7.8;0.53;0.01;1.6;0.077;3.0;19.0;0.995;3.16;0.46;9.8;5
809;7.6;0.48;0.31;2.8;0.07;4.0;15.0;0.99693;3.22;0.55;10.3;6
1522;6.1;0.32;0.25;2.3;0.071;23.0;58.0;0.99633;3.42;0.97;10.6;5
1273;7.5;0.58;0.2;2.0;0.073;34.0;44.0;0.99494;3.1;0.43;9.3;5
1496;7.7;0.54;0.26;1.9;0.089;23.0;147.0;0.99636;3.26;0.59;9.7;5
1539;7.2;0.39;0.32;1.8;0.065;34.0;60.0;0.99714;3.46;0.78;9.9;5
1022;7.0;0.51;0.09;2.1;0.062;4.0;9.0;0.99584;3.35;0.54;10.5;5
925;8.6;0.22;0.36;1.9;0.064;53.0;77.0;0.99604;3.47;0.87;11.0;7
413;9.9;0.4;0.53;6.7;0.097;6.0;19.0;0.9986;3.27;0.82;11.7;7
1040;7.4;0.965;0.0;2.2;0.088;16.0;32.0;0.99756;3.58;0.67;10.2;5
1051;8.5;0.46;0.59;1.4;0.414;16.0;45.0;0.99702;3.03;1.34;9.2;5
679;10.8;0.26;0.45;3.3;0.06;20.0;49.0;0.9972;3.13;0.54;9.6;5
41;8.8;0.61;0.3;2.8;0.088;17.0;46.0;0.9976;3.26;0.51;9.3;4
934;6.6;0.61;0.01;1.9;0.08;8.0;25.0;0.99746;3.69;0.73;10.5;5
1078;8.6;0.37;0.65;6.4;0.08;3.0;8.0;0.99817;3.27;0.58;11.0;5
431;7.8;0.55;0.35;2.2;0.074;21.0;66.0;0.9974;3.25;0.56;9.2;5
1104;8.0;0.48;0.34;2.2;0.073;16.0;25.0;0.9936;3.28;0.66;12.4;6
1241;9.8;0.37;0.39;2.5;0.079;28.0;65.0;0.99729;3.16;0.59;9.8;5
1561;7.8;0.6;0.26;2.0;0.08;31.0;131.0;0.99622;3.21;0.52;9.9;5
1497;6.9;0.74;0.03;2.3;0.054;7.0;16.0;0.99508;3.45;0.63;11.5;6
1408;8.1;0.29;0.36;2.2;0.048;35.0;53.0;0.995;3.27;1.01;12.4;7
1330;7.4;0.6;0.26;2.1;0.083;17.0;91.0;0.99616;3.29;0.56;9.8;6
1065;7.7;0.61;0.18;2.4;0.083;6.0;20.0;0.9963;3.29;0.6;10.2;6
1204;7.2;0.36;0.46;2.1;0.074;24.0;44.0;0.99534;3.4;0.85;11.0;7
1173;7.6;0.36;0.31;1.7;0.079;26.0;65.0;0.99716;3.46;0.62;9.5;6
1212;6.8;0.65;0.02;2.1;0.078;8.0;15.0;0.99498;3.35;0.62;10.4;6
1178;5.6;0.915;0.0;2.1;0.041;17.0;78.0;0.99346;3.68;0.73;11.4;5
15;8.9;0.62;0.19;3.9;0.17;51.0;148.0;0.9986;3.17;0.93;9.2;5
223;8.6;0.645;0.25;2.0;0.083;8.0;28.0;0.99815;3.28;0.6;10.0;6
1021;11.3;0.36;0.66;2.4;0.123;3.0;8.0;0.99642;3.2;0.53;11.9;6
643;9.5;0.59;0.44;2.3;0.071;21.0;68.0;0.9992;3.46;0.63;9.5;5
686;7.1;0.65;0.18;1.8;0.07;13.0;40.0;0.997;3.44;0.6;9.1;5
1264;8.5;0.37;0.32;1.8;0.066;26.0;51.0;0.99456;3.38;0.72;11.8;6
1049;9.3;0.5;0.36;1.8;0.084;6.0;17.0;0.99704;3.27;0.77;10.8;6
1252;7.1;0.72;0.0;1.8;0.123;6.0;14.0;0.99627;3.45;0.58;9.8;5
1029;7.7;0.58;0.01;1.8;0.088;12.0;18.0;0.99568;3.32;0.56;10.5;7
576;9.9;0.5;0.24;2.3;0.103;6.0;14.0;0.9978;3.34;0.52;10.0;4
1111;5.4;0.42;0.27;2.0;0.092;23.0;55.0;0.99471;3.78;0.64;12.3;7
1314;7.0;0.36;0.21;2.4;0.086;24.0;69.0;0.99556;3.4;0.53;10.1;6
474;10.5;0.28;0.51;1.7;0.08;10.0;24.0;0.9982;3.2;0.89;9.4;6
967;8.5;0.66;0.2;2.1;0.097;23.0;113.0;0.99733;3.13;0.48;9.2;5
951;8.3;0.28;0.48;2.1;0.093;6.0;12.0;0.99408;3.26;0.62;12.4;7
428;9.1;0.52;0.33;1.3;0.07;9.0;30.0;0.9978;3.24;0.6;9.3;5
234;8.2;1.0;0.09;2.3;0.065;7.0;37.0;0.99685;3.32;0.55;9.0;6
178;7.0;0.805;0.0;2.5;0.068;7.0;20.0;0.9969;3.48;0.56;9.6;5
690;7.4;1.185;0.0;4.25;0.097;5.0;14.0;0.9966;3.63;0.54;10.7;3
935;8.8;0.3;0.38;2.3;0.06;19.0;72.0;0.99543;3.39;0.72;11.8;6
1175;6.5;0.61;0.0;2.2;0.095;48.0;59.0;0.99541;3.61;0.7;11.5;6
422;7.7;0.96;0.2;2.0;0.047;15.0;60.0;0.9955;3.36;0.44;10.9;5
687;9.1;0.64;0.23;3.1;0.095;13.0;38.0;0.9998;3.28;0.59;9.7;5
132;5.6;0.5;0.09;2.3;0.049;17.0;99.0;0.9937;3.63;0.63;13.0;5
237;7.2;0.645;0.0;1.9;0.097;15.0;39.0;0.99675;3.37;0.58;9.2;6
1320;9.7;0.66;0.34;2.6;0.094;12.0;88.0;0.99796;3.26;0.66;10.1;5
1222;8.1;0.53;0.22;2.2;0.078;33.0;89.0;0.99678;3.26;0.46;9.6;6
825;7.1;0.46;0.14;2.8;0.076;15.0;37.0;0.99624;3.36;0.49;10.7;5
1185;7.0;0.43;0.3;2.0;0.085;6.0;39.0;0.99346;3.33;0.46;11.9;6
1415;6.2;0.58;0.0;1.6;0.065;8.0;18.0;0.9966;3.56;0.84;9.4;5
822;6.7;0.54;0.13;2.0;0.076;15.0;36.0;0.9973;3.61;0.64;9.8;5
544;14.3;0.31;0.74;1.8;0.075;6.0;15.0;1.0008;2.86;0.79;8.4;6
207;7.8;0.57;0.31;1.8;0.069;26.0;120.0;0.99625;3.29;0.53;9.3;5
1110;8.3;0.53;0.0;1.4;0.07;6.0;14.0;0.99593;3.25;0.64;10.0;6
884;8.8;0.61;0.19;4.0;0.094;30.0;69.0;0.99787;3.22;0.5;10.0;6
1363;8.0;0.83;0.27;2.0;0.08;11.0;63.0;0.99652;3.29;0.48;9.8;4
1165;8.5;0.44;0.5;1.9;0.369;15.0;38.0;0.99634;3.01;1.1;9.4;5
512;10.7;0.4;0.48;2.1;0.125;15.0;49.0;0.998;3.03;0.81;9.7;6
1128;10.0;0.43;0.33;2.7;0.095;28.0;89.0;0.9984;3.22;0.68;10.0;5
975;7.2;0.41;0.3;2.1;0.083;35.0;72.0;0.997;3.44;0.52;9.4;5
114;7.8;0.56;0.19;1.8;0.104;12.0;47.0;0.9964;3.19;0.93;9.5;5
955;8.5;0.21;0.52;1.9;0.09;9.0;23.0;0.99648;3.36;0.67;10.4;5
771;9.4;0.685;0.26;2.4;0.082;23.0;143.0;0.9978;3.28;0.55;9.4;5
120;7.3;1.07;0.09;1.7;0.178;10.0;89.0;0.9962;3.3;0.57;9.0;5
1530;6.6;0.44;0.09;2.2;0.063;9.0;18.0;0.99444;3.42;0.69;11.3;6
416;10.6;0.48;0.64;2.2;0.111;6.0;20.0;0.997;3.26;0.66;11.7;6
1510;6.4;0.36;0.21;2.2;0.047;26.0;48.0;0.99661;3.47;0.77;9.7;6
1438;7.0;0.59;0.0;1.7;0.052;3.0;8.0;0.996;3.41;0.47;10.3;5
677;8.6;0.8;0.11;2.3;0.084;12.0;31.0;0.9979;3.4;0.48;9.9;5
973;8.5;0.34;0.44;1.7;0.079;6.0;12.0;0.99605;3.52;0.63;10.7;5
769;7.9;0.72;0.01;1.9;0.076;7.0;32.0;0.99668;3.39;0.54;9.6;5
841;6.6;0.66;0.0;3.0;0.115;21.0;31.0;0.99629;3.45;0.63;10.3;5
1498;6.6;0.895;0.04;2.3;0.068;7.0;13.0;0.99582;3.53;0.58;10.8;6
412;7.1;0.735;0.16;1.9;0.1;15.0;77.0;0.9966;3.27;0.64;9.3;5
1329;7.4;0.6;0.26;2.1;0.083;17.0;91.0;0.99616;3.29;0.56;9.8;6
1515;6.9;0.84;0.21;4.1;0.074;16.0;65.0;0.99842;3.53;0.72;9.25;6
1161;8.8;0.45;0.43;1.4;0.076;12.0;21.0;0.99551;3.21;0.75;10.2;6
1214;10.2;0.33;0.46;1.9;0.081;6.0;9.0;0.99628;3.1;0.48;10.4;6
1257;7.0;0.58;0.28;4.8;0.085;12.0;69.0;0.99633;3.32;0.7;11.0;6
1126;5.8;0.29;0.26;1.7;0.063;3.0;11.0;0.9915;3.39;0.54;13.5;6
736;7.7;0.965;0.1;2.1;0.112;11.0;22.0;0.9963;3.26;0.5;9.5;5
714;9.9;0.74;0.28;2.6;0.078;21.0;77.0;0.998;3.28;0.51;9.8;5
787;10.0;0.56;0.24;2.2;0.079;19.0;58.0;0.9991;3.18;0.56;10.1;6
970;10.4;0.26;0.48;1.9;0.066;6.0;10.0;0.99724;3.33;0.87;10.9;6
427;9.5;0.78;0.22;1.9;0.077;6.0;32.0;0.9988;3.26;0.56;10.6;6
1238;8.1;0.73;0.0;2.5;0.081;12.0;24.0;0.99798;3.38;0.46;9.6;4
29;7.8;0.645;0.0;2.0;0.082;8.0;16.0;0.9964;3.38;0.59;9.8;6
303;7.4;0.67;0.12;1.6;0.186;5.0;21.0;0.996;3.39;0.54;9.5;5
343;10.9;0.39;0.47;1.8;0.118;6.0;14.0;0.9982;3.3;0.75;9.8;6
527;7.0;0.38;0.49;2.5;0.097;33.0;85.0;0.9962;3.39;0.77;11.4;6
1026;7.9;0.31;0.32;1.9;0.066;14.0;36.0;0.99364;3.41;0.56;12.6;6
388;7.8;0.46;0.26;1.9;0.088;23.0;53.0;0.9981;3.43;0.74;9.2;6
1242;9.0;0.4;0.41;2.0;0.058;15.0;40.0;0.99414;3.22;0.6;12.2;6
375;11.5;0.54;0.71;4.4;0.124;6.0;15.0;0.9984;3.01;0.83;11.8;7
745;7.3;0.51;0.18;2.1;0.07;12.0;28.0;0.99768;3.52;0.73;9.5;6
91;8.6;0.49;0.28;1.9;0.11;20.0;136.0;0.9972;2.93;1.95;9.9;6
531;11.9;0.38;0.49;2.7;0.098;12.0;42.0;1.0004;3.16;0.61;10.3;5
558;10.9;0.53;0.49;4.6;0.118;10.0;17.0;1.0002;3.07;0.56;11.7;6
711;8.9;0.565;0.34;3.0;0.093;16.0;112.0;0.9998;3.38;0.61;9.5;5
938;7.2;0.38;0.38;2.8;0.068;23.0;42.0;0.99356;3.34;0.72;12.9;7
563;7.6;0.29;0.49;2.7;0.092;25.0;60.0;0.9971;3.31;0.61;10.1;6
1551;7.1;0.67;0.0;2.3;0.083;18.0;27.0;0.99768;3.44;0.54;9.4;5
1048;9.3;0.49;0.36;1.7;0.081;3.0;14.0;0.99702;3.27;0.78;10.9;6
792;7.1;0.61;0.02;2.5;0.081;17.0;87.0;0.99745;3.48;0.6;9.7;6
404;7.7;0.69;0.05;2.7;0.075;15.0;27.0;0.9974;3.26;0.61;9.1;5
1074;7.5;0.77;0.2;8.1;0.098;30.0;92.0;0.99892;3.2;0.58;9.2;5
700;10.6;1.02;0.43;2.9;0.076;26.0;88.0;0.9984;3.08;0.57;10.1;6
542;9.3;0.715;0.24;2.1;0.07;5.0;20.0;0.9966;3.12;0.59;9.9;5
360;8.2;0.7;0.23;2.0;0.099;14.0;81.0;0.9973;3.19;0.7;9.4;5
1529;7.1;0.69;0.08;2.1;0.063;42.0;52.0;0.99608;3.42;0.6;10.2;6
361;8.6;0.45;0.31;2.6;0.086;21.0;50.0;0.9982;3.37;0.91;9.9;6
461;8.3;0.615;0.22;2.6;0.087;6.0;19.0;0.9982;3.26;0.61;9.3;5
458;10.4;0.33;0.63;2.8;0.084;5.0;22.0;0.9998;3.26;0.74;11.2;7
1553;7.3;0.735;0.0;2.2;0.08;18.0;28.0;0.99765;3.41;0.6;9.4;5
1233;10.2;0.23;0.37;2.2;0.057;14.0;36.0;0.99614;3.23;0.49;9.3;4
1504;7.5;0.38;0.57;2.3;0.106;5.0;12.0;0.99605;3.36;0.55;11.4;6
113;10.1;0.31;0.44;2.3;0.08;22.0;46.0;0.9988;3.32;0.67;9.7;6
723;7.1;0.31;0.3;2.2;0.053;36.0;127.0;0.9965;2.94;1.62;9.5;5
1201;7.9;0.34;0.36;1.9;0.065;5.0;10.0;0.99419;3.27;0.54;11.2;7
1061;9.1;0.4;0.5;1.8;0.071;7.0;16.0;0.99462;3.21;0.69;12.5;8
519;7.3;0.365;0.49;2.5;0.088;39.0;106.0;0.9966;3.36;0.78;11.0;5
170;7.9;0.885;0.03;1.8;0.058;4.0;8.0;0.9972;3.36;0.33;9.1;4
374;14.0;0.41;0.63;3.8;0.089;6.0;47.0;1.0014;3.01;0.81;10.8;6
1234;7.1;0.75;0.01;2.2;0.059;11.0;18.0;0.99242;3.39;0.4;12.8;6
248;7.7;0.53;0.06;1.7;0.074;9.0;39.0;0.99615;3.35;0.48;9.8;6
778;8.3;0.43;0.3;3.4;0.079;7.0;34.0;0.99788;3.36;0.61;10.5;5
1589;6.6;0.725;0.2;7.8;0.073;29.0;79.0;0.9977;3.29;0.54;9.2;5
923;6.8;0.41;0.31;8.8;0.084;26.0;45.0;0.99824;3.38;0.64;10.1;6
1069;8.0;0.62;0.35;2.8;0.086;28.0;52.0;0.997;3.31;0.62;10.8;5
1092;7.0;0.54;0.09;2.0;0.081;10.0;16.0;0.99479;3.43;0.59;11.5;6
1514;6.9;0.84;0.21;4.1;0.074;16.0;65.0;0.99842;3.53;0.72;9.23333333333;6
354;6.1;0.21;0.4;1.4;0.066;40.5;165.0;0.9912;3.25;0.59;11.9;6
67;6.6;0.705;0.07;1.6;0.076;6.0;15.0;0.9962;3.44;0.58;10.7;5
144;5.2;0.34;0.0;1.8;0.05;27.0;63.0;0.9916;3.68;0.79;14.0;6
462;11.0;0.26;0.68;2.55;0.085;10.0;25.0;0.997;3.18;0.61;11.8;5
1004;8.2;0.43;0.29;1.6;0.081;27.0;45.0;0.99603;3.25;0.54;10.3;5
1446;6.9;0.63;0.02;1.9;0.078;18.0;30.0;0.99712;3.4;0.75;9.8;5
346;6.6;0.815;0.02;2.7;0.072;17.0;34.0;0.9955;3.58;0.89;12.3;7
245;7.3;0.66;0.0;2.0;0.084;6.0;23.0;0.9983;3.61;0.96;9.9;6
1597;5.9;0.645;0.12;2.0;0.075;32.0;44.0;0.99547;3.57;0.71;10.2;5
947;8.3;0.28;0.48;2.1;0.093;6.0;12.0;0.99408;3.26;0.62;12.4;7
112;8.4;0.6;0.1;2.2;0.085;14.0;111.0;0.9964;3.15;0.66;9.8;5
1523;6.8;0.48;0.25;2.0;0.076;29.0;61.0;0.9953;3.34;0.6;10.4;5
1293;7.5;0.755;0.0;1.9;0.084;6.0;12.0;0.99672;3.34;0.49;9.7;4
1023;8.2;0.32;0.42;2.3;0.098;3.0;9.0;0.99506;3.27;0.55;12.3;6
362;11.9;0.58;0.66;2.5;0.072;6.0;37.0;0.9992;3.05;0.56;10.0;5
254;7.1;0.6;0.0;1.8;0.074;16.0;34.0;0.9972;3.47;0.7;9.9;6
218;7.5;0.49;0.19;1.9;0.076;10.0;44.0;0.9957;3.39;0.54;9.7;5
489;9.3;0.39;0.4;2.6;0.073;10.0;26.0;0.9984;3.34;0.75;10.2;6
962;6.6;0.57;0.02;2.1;0.115;6.0;16.0;0.99654;3.38;0.69;9.5;5
838;10.1;0.31;0.35;1.6;0.075;9.0;28.0;0.99672;3.24;0.83;11.2;7
22;7.9;0.43;0.21;1.6;0.106;10.0;37.0;0.9966;3.17;0.91;9.5;5
678;8.3;0.78;0.1;2.6;0.081;45.0;87.0;0.9983;3.48;0.53;10.0;5
708;7.8;0.545;0.12;2.5;0.068;11.0;35.0;0.996;3.34;0.61;11.6;6
570;11.5;0.35;0.49;3.3;0.07;10.0;37.0;1.0003;3.32;0.91;11.0;6
860;7.2;0.62;0.06;2.7;0.077;15.0;85.0;0.99746;3.51;0.54;9.5;5
704;9.1;0.765;0.04;1.6;0.078;4.0;14.0;0.998;3.29;0.54;9.7;4
468;11.4;0.36;0.69;2.1;0.09;6.0;21.0;1.0;3.17;0.62;9.2;6
552;9.5;0.46;0.24;2.7;0.092;14.0;44.0;0.998;3.12;0.74;10.0;6
1394;6.4;0.57;0.14;3.9;0.07;27.0;73.0;0.99669;3.32;0.48;9.2;5
1203;9.9;0.74;0.19;5.8;0.111;33.0;76.0;0.99878;3.14;0.55;9.4;5
7;7.3;0.65;0.0;1.2;0.065;15.0;21.0;0.9946;3.39;0.47;10.0;7
229;6.9;0.52;0.25;2.6;0.081;10.0;37.0;0.99685;3.46;0.5;11.0;5
898;8.3;0.31;0.39;2.4;0.078;17.0;43.0;0.99444;3.31;0.77;12.5;7
924;8.6;0.47;0.27;2.3;0.055;14.0;28.0;0.99516;3.18;0.8;11.2;5
274;7.5;0.65;0.18;7.0;0.088;27.0;94.0;0.99915;3.38;0.77;9.4;5
1144;7.3;0.32;0.23;2.3;0.066;35.0;70.0;0.99588;3.43;0.62;10.1;5
403;11.4;0.6;0.49;2.7;0.085;10.0;41.0;0.9994;3.15;0.63;10.5;6
802;5.1;0.585;0.0;1.7;0.044;14.0;86.0;0.99264;3.56;0.94;12.9;7
1388;6.6;0.64;0.31;6.1;0.083;7.0;49.0;0.99718;3.35;0.68;10.3;5
94;5.0;1.02;0.04;1.4;0.045;41.0;85.0;0.9938;3.75;0.48;10.5;4
480;10.6;0.28;0.39;15.5;0.069;6.0;23.0;1.0026;3.12;0.66;9.2;5
948;8.9;0.12;0.45;1.8;0.075;10.0;21.0;0.99552;3.41;0.76;11.9;7
629;7.6;0.685;0.23;2.3;0.111;20.0;84.0;0.9964;3.21;0.61;9.3;5
1082;7.2;0.38;0.3;1.8;0.073;31.0;70.0;0.99685;3.42;0.59;9.5;6
181;8.9;0.61;0.49;2.0;0.27;23.0;110.0;0.9972;3.12;1.02;9.3;5
31;6.9;0.685;0.0;2.5;0.105;22.0;37.0;0.9966;3.46;0.57;10.6;6
5;7.4;0.66;0.0;1.8;0.075;13.0;40.0;0.9978;3.51;0.56;9.4;5
896;8.3;0.31;0.39;2.4;0.078;17.0;43.0;0.99444;3.31;0.77;12.5;7
470;13.0;0.32;0.65;2.6;0.093;15.0;47.0;0.9996;3.05;0.61;10.6;5
1516;6.1;0.32;0.25;2.3;0.071;23.0;58.0;0.99633;3.42;0.97;10.6;5
168;6.8;0.63;0.07;2.1;0.089;11.0;44.0;0.9953;3.47;0.55;10.4;6
1451;7.8;0.32;0.44;2.7;0.104;8.0;17.0;0.99732;3.33;0.78;11.0;7
164;7.3;0.59;0.26;7.2;0.07;35.0;121.0;0.9981;3.37;0.49;9.4;5
503;10.5;0.26;0.47;1.9;0.078;6.0;24.0;0.9976;3.18;1.04;10.9;7
616;9.6;0.6;0.5;2.3;0.079;28.0;71.0;0.9997;3.5;0.57;9.7;5
1375;7.2;0.56;0.26;2.0;0.083;13.0;100.0;0.99586;3.26;0.52;9.9;5
1080;10.3;0.27;0.56;1.4;0.047;3.0;8.0;0.99471;3.16;0.51;11.8;6
1102;6.1;0.48;0.09;1.7;0.078;18.0;30.0;0.99402;3.45;0.54;11.2;6
273;8.4;0.715;0.2;2.4;0.076;10.0;38.0;0.99735;3.31;0.64;9.4;5
808;7.4;0.53;0.12;1.9;0.165;4.0;12.0;0.99702;3.26;0.86;9.2;5
472;12.5;0.37;0.55;2.6;0.083;25.0;68.0;0.9995;3.15;0.82;10.4;6
322;7.8;0.62;0.05;2.3;0.079;6.0;18.0;0.99735;3.29;0.63;9.3;5
817;10.8;0.29;0.42;1.6;0.084;19.0;27.0;0.99545;3.28;0.73;11.9;6
1362;11.6;0.475;0.4;1.4;0.091;6.0;28.0;0.99704;3.07;0.65;10.0333333333;6
625;6.8;0.69;0.0;5.6;0.124;21.0;58.0;0.9997;3.46;0.72;10.2;5
1060;11.6;0.23;0.57;1.8;0.074;3.0;8.0;0.9981;3.14;0.7;9.9;6
1315;7.5;0.63;0.27;2.0;0.083;17.0;91.0;0.99616;3.26;0.58;9.8;6
989;9.7;0.295;0.4;1.5;0.073;14.0;21.0;0.99556;3.14;0.51;10.9;6
806;8.4;0.25;0.39;2.0;0.041;4.0;10.0;0.99386;3.27;0.71;12.5;7
1306;9.7;0.69;0.32;2.5;0.088;22.0;91.0;0.9979;3.29;0.62;10.1;5
258;7.7;0.41;0.76;1.8;0.611;8.0;45.0;0.9968;3.06;1.26;9.4;5
844;9.9;0.25;0.46;1.7;0.062;26.0;42.0;0.9959;3.18;0.83;10.6;6
1480;5.6;0.62;0.03;1.5;0.08;6.0;13.0;0.99498;3.66;0.62;10.1;4
169;7.5;0.705;0.24;1.8;0.36;15.0;63.0;0.9964;3.0;1.59;9.5;5
950;8.9;0.12;0.45;1.8;0.075;10.0;21.0;0.99552;3.41;0.76;11.9;7
391;13.7;0.415;0.68;2.9;0.085;17.0;43.0;1.0014;3.06;0.8;10.0;6
837;6.7;0.28;0.28;2.4;0.012;36.0;100.0;0.99064;3.26;0.39;11.7;7
95;4.7;0.6;0.17;2.3;0.058;17.0;106.0;0.9932;3.85;0.6;12.9;6
1109;10.8;0.47;0.43;2.1;0.171;27.0;66.0;0.9982;3.17;0.76;10.8;6
731;8.9;0.875;0.13;3.45;0.088;4.0;14.0;0.9994;3.44;0.52;11.5;5
1366;7.3;0.74;0.08;1.7;0.094;10.0;45.0;0.99576;3.24;0.5;9.8;5
543;11.2;0.66;0.24;2.5;0.085;16.0;53.0;0.9993;3.06;0.72;11.0;6
373;7.4;0.55;0.22;2.2;0.106;12.0;72.0;0.9959;3.05;0.63;9.2;5
142;5.2;0.34;0.0;1.8;0.05;27.0;63.0;0.9916;3.68;0.79;14.0;6
267;7.9;0.35;0.46;3.6;0.078;15.0;37.0;0.9973;3.35;0.86;12.8;8
442;15.6;0.685;0.76;3.7;0.1;6.0;43.0;1.0032;2.95;0.68;11.2;7
1057;7.6;0.42;0.25;3.9;0.104;28.0;90.0;0.99784;3.15;0.57;9.1;5
524;9.2;0.43;0.49;2.4;0.086;23.0;116.0;0.9976;3.23;0.64;9.5;5
1236;7.8;0.55;0.0;1.7;0.07;7.0;17.0;0.99659;3.26;0.64;9.4;6
456;8.9;0.59;0.39;2.3;0.095;5.0;22.0;0.9986;3.37;0.58;10.3;5
1491;5.6;0.54;0.04;1.7;0.049;5.0;13.0;0.9942;3.72;0.58;11.4;5
1124;6.5;0.58;0.0;2.2;0.096;3.0;13.0;0.99557;3.62;0.62;11.5;4
1123;10.7;0.4;0.37;1.9;0.081;17.0;29.0;0.99674;3.12;0.65;11.2;6
1499;6.9;0.74;0.03;2.3;0.054;7.0;16.0;0.99508;3.45;0.63;11.5;6
569;6.2;0.36;0.24;2.2;0.095;19.0;42.0;0.9946;3.57;0.57;11.7;6
695;5.1;0.47;0.02;1.3;0.034;18.0;44.0;0.9921;3.9;0.62;12.8;6
287;7.5;0.4;0.12;3.0;0.092;29.0;53.0;0.9967;3.37;0.7;10.3;6
478;9.6;0.68;0.24;2.2;0.087;5.0;28.0;0.9988;3.14;0.6;10.2;5
221;7.4;0.53;0.26;2.0;0.101;16.0;72.0;0.9957;3.15;0.57;9.4;5
262;8.0;0.52;0.03;1.7;0.07;10.0;35.0;0.99575;3.34;0.57;10.0;5
607;8.8;0.48;0.41;3.3;0.092;26.0;52.0;0.9982;3.31;0.53;10.5;6
539;11.2;0.5;0.74;5.15;0.1;5.0;17.0;0.9996;3.22;0.62;11.2;5
230;5.2;0.48;0.04;1.6;0.054;19.0;106.0;0.9927;3.54;0.62;12.2;7
559;13.0;0.47;0.49;4.3;0.085;6.0;47.0;1.0021;3.3;0.68;12.7;6
1000;7.5;0.43;0.3;2.2;0.062;6.0;12.0;0.99495;3.44;0.72;11.5;7
814;12.6;0.41;0.54;2.8;0.103;19.0;41.0;0.99939;3.21;0.76;11.3;6
556;10.9;0.53;0.49;4.6;0.118;10.0;17.0;1.0002;3.07;0.56;11.7;6
1182;10.2;0.4;0.4;2.5;0.068;41.0;54.0;0.99754;3.38;0.86;10.5;6
739;9.0;0.69;0.0;2.4;0.088;19.0;38.0;0.999;3.35;0.6;9.3;5
555;15.5;0.645;0.49;4.2;0.095;10.0;23.0;1.00315;2.92;0.74;11.1;5
659;7.1;0.84;0.02;4.4;0.096;5.0;13.0;0.997;3.41;0.57;11.0;4
1225;9.2;0.46;0.23;2.6;0.091;18.0;77.0;0.99922;3.15;0.51;9.4;5
941;9.9;0.27;0.49;5.0;0.082;9.0;17.0;0.99484;3.19;0.52;12.5;7
389;9.6;0.38;0.31;2.5;0.096;16.0;49.0;0.9982;3.19;0.7;10.0;7
592;9.0;0.45;0.49;2.6;0.084;21.0;75.0;0.9987;3.35;0.57;9.7;5
165;7.8;0.63;0.48;1.7;0.1;14.0;96.0;0.9961;3.19;0.62;9.5;5
906;7.2;0.54;0.27;2.6;0.084;12.0;78.0;0.9964;3.39;0.71;11.0;5
853;9.3;0.36;0.39;1.5;0.08;41.0;55.0;0.99652;3.47;0.73;10.9;6
878;8.8;0.61;0.19;4.0;0.094;30.0;69.0;0.99787;3.22;0.5;10.0;6
310;10.3;0.53;0.48;2.5;0.063;6.0;25.0;0.9998;3.12;0.59;9.3;6
131;5.6;0.5;0.09;2.3;0.049;17.0;99.0;0.9937;3.63;0.63;13.0;5
892;10.1;0.45;0.23;1.9;0.082;10.0;18.0;0.99774;3.22;0.65;9.3;6
797;9.3;0.37;0.44;1.6;0.038;21.0;42.0;0.99526;3.24;0.81;10.8;7
982;7.3;0.52;0.32;2.1;0.07;51.0;70.0;0.99418;3.34;0.82;12.9;6
148;6.9;0.49;0.1;2.3;0.074;12.0;30.0;0.9959;3.42;0.58;10.2;6
528;8.2;0.42;0.49;2.6;0.084;32.0;55.0;0.9988;3.34;0.75;8.7;6
682;8.5;0.46;0.31;2.25;0.078;32.0;58.0;0.998;3.33;0.54;9.8;5
885;8.9;0.75;0.14;2.5;0.086;9.0;30.0;0.99824;3.34;0.64;10.5;5
1106;8.2;0.23;0.42;1.9;0.069;9.0;17.0;0.99376;3.21;0.54;12.3;6
53;8.6;0.38;0.36;3.0;0.081;30.0;119.0;0.997;3.2;0.56;9.4;5
297;7.1;0.63;0.06;2.0;0.083;8.0;29.0;0.99855;3.67;0.73;9.6;5
1356;6.1;0.34;0.25;1.8;0.084;4.0;28.0;0.99464;3.36;0.44;10.1;5
856;9.3;0.36;0.39;1.5;0.08;41.0;55.0;0.99652;3.47;0.73;10.9;6
1505;6.7;0.76;0.02;1.8;0.078;6.0;12.0;0.996;3.55;0.63;9.95;3
1441;7.4;0.785;0.19;5.2;0.094;19.0;98.0;0.99713;3.16;0.52;9.56666666667;6
1475;5.3;0.47;0.11;2.2;0.048;16.0;89.0;0.99182;3.54;0.88;13.5666666667;7
1368;8.0;0.77;0.32;2.1;0.079;16.0;74.0;0.99656;3.27;0.5;9.8;6
1378;7.2;0.45;0.15;2.0;0.078;10.0;28.0;0.99609;3.29;0.51;9.9;6
479;9.4;0.685;0.11;2.7;0.077;6.0;31.0;0.9984;3.19;0.7;10.1;6
295;10.8;0.5;0.46;2.5;0.073;5.0;27.0;1.0001;3.05;0.64;9.5;5
1571;6.4;0.38;0.14;2.2;0.038;15.0;25.0;0.99514;3.44;0.65;11.1;6
1292;5.9;0.395;0.13;2.4;0.056;14.0;28.0;0.99362;3.62;0.67;12.4;6
813;6.9;0.39;0.24;2.1;0.102;4.0;7.0;0.99462;3.44;0.58;11.4;4
349;9.1;0.785;0.0;2.6;0.093;11.0;28.0;0.9994;3.36;0.86;9.4;6
1276;8.5;0.4;0.4;6.3;0.05;3.0;10.0;0.99566;3.28;0.56;12.0;4
1096;6.6;0.725;0.09;5.5;0.117;9.0;17.0;0.99655;3.35;0.49;10.8;6
1125;8.8;0.24;0.35;1.7;0.055;13.0;27.0;0.99394;3.14;0.59;11.3;7
1217;8.2;0.34;0.37;1.9;0.057;43.0;74.0;0.99408;3.23;0.81;12.0;6
1354;7.2;0.58;0.03;2.3;0.077;7.0;28.0;0.99568;3.35;0.52;10.0;5
42;7.5;0.49;0.2;2.6;0.332;8.0;14.0;0.9968;3.21;0.9;10.5;6
1337;6.0;0.5;0.0;1.4;0.057;15.0;26.0;0.99448;3.36;0.45;9.5;5
671;8.2;0.73;0.21;1.7;0.074;5.0;13.0;0.9968;3.2;0.52;9.5;5
396;6.6;0.735;0.02;7.9;0.122;68.0;124.0;0.9994;3.47;0.53;9.9;5
895;7.1;0.59;0.01;2.3;0.08;27.0;43.0;0.9955;3.42;0.58;10.7;6
425;6.6;0.84;0.03;2.3;0.059;32.0;48.0;0.9952;3.52;0.56;12.3;7
580;12.3;0.5;0.49;2.2;0.089;5.0;14.0;1.0002;3.19;0.44;9.6;5
883;7.2;0.6;0.04;2.5;0.076;18.0;88.0;0.99745;3.53;0.55;9.5;5
1237;7.1;0.75;0.01;2.2;0.059;11.0;18.0;0.99242;3.39;0.4;12.8;6
646;7.3;0.67;0.05;3.6;0.107;6.0;20.0;0.9972;3.4;0.63;10.1;5
1443;6.9;0.58;0.2;1.75;0.058;8.0;22.0;0.99322;3.38;0.49;11.7;5
1285;11.3;0.37;0.5;1.8;0.09;20.0;47.0;0.99734;3.15;0.57;10.5;5
783;6.5;0.46;0.14;2.4;0.114;9.0;37.0;0.99732;3.66;0.65;9.8;5
326;11.6;0.53;0.66;3.65;0.121;6.0;14.0;0.9978;3.05;0.74;11.5;7
1261;6.3;1.02;0.0;2.0;0.083;17.0;24.0;0.99437;3.59;0.55;11.2;4
14;8.9;0.62;0.18;3.8;0.176;52.0;145.0;0.9986;3.16;0.88;9.2;5
1517;6.5;0.53;0.06;2.0;0.063;29.0;44.0;0.99489;3.38;0.83;10.3;6
1179;8.2;0.35;0.33;2.4;0.076;11.0;47.0;0.99599;3.27;0.81;11.0;6
1223;10.5;0.36;0.47;2.2;0.074;9.0;23.0;0.99638;3.23;0.76;12.0;6
1569;6.2;0.51;0.14;1.9;0.056;15.0;34.0;0.99396;3.48;0.57;11.5;6
1508;7.1;0.27;0.6;2.1;0.074;17.0;25.0;0.99814;3.38;0.72;10.6;6
1387;7.4;0.64;0.07;1.8;0.1;8.0;23.0;0.9961;3.3;0.58;9.6;5
937;12.0;0.63;0.5;1.4;0.071;6.0;26.0;0.99791;3.07;0.6;10.4;4
803;7.7;0.56;0.08;2.5;0.114;14.0;46.0;0.9971;3.24;0.66;9.6;6
953;10.2;0.34;0.48;2.1;0.052;5.0;9.0;0.99458;3.2;0.69;12.1;7
1518;7.4;0.47;0.46;2.2;0.114;7.0;20.0;0.99647;3.32;0.63;10.5;5
358;11.9;0.43;0.66;3.1;0.109;10.0;23.0;1.0;3.15;0.85;10.4;7
1073;8.0;0.62;0.33;2.7;0.088;16.0;37.0;0.9972;3.31;0.58;10.7;6
311;7.9;0.53;0.24;2.0;0.072;15.0;105.0;0.996;3.27;0.54;9.4;6
827;7.1;0.46;0.14;2.8;0.076;15.0;37.0;0.99624;3.36;0.49;10.7;5
632;7.6;0.41;0.14;3.0;0.087;21.0;43.0;0.9964;3.32;0.57;10.5;6
1120;7.9;0.54;0.34;2.5;0.076;8.0;17.0;0.99235;3.2;0.72;13.1;8
858;11.7;0.28;0.47;1.7;0.054;17.0;32.0;0.99686;3.15;0.67;10.6;7
301;11.1;0.18;0.48;1.5;0.068;7.0;15.0;0.9973;3.22;0.64;10.1;6
1167;8.2;0.33;0.39;2.5;0.074;29.0;48.0;0.99528;3.32;0.88;12.4;7
59;7.3;0.39;0.31;2.4;0.074;9.0;46.0;0.9962;3.41;0.54;9.4;6
1484;6.8;0.91;0.06;2.0;0.06;4.0;11.0;0.99592;3.53;0.64;10.9;4
1277;7.0;0.69;0.0;1.9;0.114;3.0;10.0;0.99636;3.35;0.6;9.7;6
1596;6.3;0.51;0.13;2.3;0.076;29.0;40.0;0.99574;3.42;0.75;11.0;6
969;6.7;0.56;0.09;2.9;0.079;7.0;22.0;0.99669;3.46;0.61;10.2;5
1429;7.9;0.18;0.4;2.2;0.049;38.0;67.0;0.996;3.33;0.93;11.3;5
891;7.2;0.66;0.03;2.3;0.078;16.0;86.0;0.99743;3.53;0.57;9.7;5
84;6.3;0.3;0.48;1.8;0.069;18.0;61.0;0.9959;3.44;0.78;10.3;6
1346;6.1;0.59;0.01;2.1;0.056;5.0;13.0;0.99472;3.52;0.56;11.4;5
1163;9.0;0.785;0.24;1.7;0.078;10.0;21.0;0.99692;3.29;0.67;10.0;5
418;11.9;0.38;0.51;2.0;0.121;7.0;20.0;0.9996;3.24;0.76;10.4;6
179;8.8;0.61;0.14;2.4;0.067;10.0;42.0;0.9969;3.19;0.59;9.5;5
158;7.1;0.68;0.0;2.2;0.073;12.0;22.0;0.9969;3.48;0.5;9.3;5
8;7.8;0.58;0.02;2.0;0.073;9.0;18.0;0.9968;3.36;0.57;9.5;7
819;9.1;0.66;0.15;3.2;0.097;9.0;59.0;0.99976;3.28;0.54;9.6;5
477;10.4;0.24;0.49;1.8;0.075;6.0;20.0;0.9977;3.18;1.06;11.0;6
359;12.6;0.38;0.66;2.6;0.088;10.0;41.0;1.001;3.17;0.68;9.8;6
619;11.3;0.37;0.41;2.3;0.088;6.0;16.0;0.9988;3.09;0.8;9.3;5
194;7.6;0.55;0.21;2.2;0.071;7.0;28.0;0.9964;3.28;0.55;9.7;5
104;7.2;0.49;0.24;2.2;0.07;5.0;36.0;0.996;3.33;0.48;9.4;5
668;10.0;0.73;0.43;2.3;0.059;15.0;31.0;0.9966;3.15;0.57;11.0;5
370;6.9;0.765;0.02;2.3;0.063;35.0;63.0;0.9975;3.57;0.78;9.9;5
1095;9.4;0.4;0.47;2.5;0.087;6.0;20.0;0.99772;3.15;0.5;10.5;5
1005;6.8;0.36;0.32;1.8;0.067;4.0;8.0;0.9928;3.36;0.55;12.8;7
33;6.9;0.605;0.12;10.7;0.073;40.0;83.0;0.9993;3.45;0.52;9.4;6
159;6.8;0.6;0.18;1.9;0.079;18.0;86.0;0.9968;3.59;0.57;9.3;6
199;6.9;1.09;0.06;2.1;0.061;12.0;31.0;0.9948;3.51;0.43;11.4;4
420;9.5;0.56;0.33;2.4;0.089;35.0;67.0;0.9972;3.28;0.73;11.8;7
968;9.0;0.4;0.43;2.4;0.068;29.0;46.0;0.9943;3.2;0.6;12.2;6
202;6.8;0.5;0.11;1.5;0.075;16.0;49.0;0.99545;3.36;0.79;9.5;5
191;6.4;0.37;0.25;1.9;0.074;21.0;49.0;0.9974;3.57;0.62;9.8;6
1086;8.5;0.34;0.4;4.7;0.055;3.0;9.0;0.99738;3.38;0.66;11.6;7
759;8.8;0.42;0.21;2.5;0.092;33.0;88.0;0.99823;3.19;0.52;9.2;5
1274;7.8;0.58;0.13;2.1;0.102;17.0;36.0;0.9944;3.24;0.53;11.2;6
1227;9.0;0.58;0.25;2.0;0.104;8.0;21.0;0.99769;3.27;0.72;9.6;5
840;11.1;0.42;0.47;2.65;0.085;9.0;34.0;0.99736;3.24;0.77;12.1;7
931;7.4;0.61;0.01;2.0;0.074;13.0;38.0;0.99748;3.48;0.65;9.8;5
1486;6.8;0.68;0.21;2.1;0.07;9.0;23.0;0.99546;3.38;0.6;10.3;5
917;6.8;0.41;0.31;8.8;0.084;26.0;45.0;0.99824;3.38;0.64;10.1;6
1507;7.5;0.38;0.57;2.3;0.106;5.0;12.0;0.99605;3.36;0.55;11.4;6
78;6.7;0.75;0.12;2.0;0.086;12.0;80.0;0.9958;3.38;0.52;10.1;5
1098;8.0;0.31;0.45;2.1;0.216;5.0;16.0;0.99358;3.15;0.81;12.5;7
715;7.2;0.49;0.18;2.7;0.069;13.0;34.0;0.9967;3.29;0.48;9.2;6
75;8.8;0.41;0.64;2.2;0.093;9.0;42.0;0.9986;3.54;0.66;10.5;5
1456;6.0;0.54;0.06;1.8;0.05;38.0;89.0;0.99236;3.3;0.5;10.55;6
649;6.7;0.42;0.27;8.6;0.068;24.0;148.0;0.9948;3.16;0.57;11.3;6
1318;7.5;0.63;0.27;2.0;0.083;17.0;91.0;0.99616;3.26;0.58;9.8;6
133;6.6;0.5;0.01;1.5;0.06;17.0;26.0;0.9952;3.4;0.58;9.8;6
1433;6.1;0.4;0.16;1.8;0.069;11.0;25.0;0.9955;3.42;0.74;10.1;7
398;11.5;0.59;0.59;2.6;0.087;13.0;49.0;0.9988;3.18;0.65;11.0;6
205;12.8;0.3;0.74;2.6;0.095;9.0;28.0;0.9994;3.2;0.77;10.8;7
1447;6.8;0.67;0.0;1.9;0.08;22.0;39.0;0.99701;3.4;0.74;9.7;5
30;6.7;0.675;0.07;2.4;0.089;17.0;82.0;0.9958;3.35;0.54;10.1;5
43;8.1;0.66;0.22;2.2;0.069;9.0;23.0;0.9968;3.3;1.2;10.3;5
1327;6.7;0.46;0.24;1.7;0.077;18.0;34.0;0.9948;3.39;0.6;10.6;6
393;8.4;0.665;0.61;2.0;0.112;13.0;95.0;0.997;3.16;0.54;9.1;5
1506;6.8;0.81;0.05;2.0;0.07;6.0;14.0;0.99562;3.51;0.66;10.8;6
747;8.6;0.33;0.4;2.6;0.083;16.0;68.0;0.99782;3.3;0.48;9.4;5
399;8.7;0.765;0.22;2.3;0.064;9.0;42.0;0.9963;3.1;0.55;9.4;5
712;8.7;0.69;0.0;3.2;0.084;13.0;33.0;0.9992;3.36;0.45;9.4;5
1344;11.5;0.42;0.48;2.6;0.077;8.0;20.0;0.99852;3.09;0.53;11.0;5
1281;7.1;0.46;0.2;1.9;0.077;28.0;54.0;0.9956;3.37;0.64;10.4;6
309;7.4;0.29;0.38;1.7;0.062;9.0;30.0;0.9968;3.41;0.53;9.5;6
226;8.9;0.59;0.5;2.0;0.337;27.0;81.0;0.9964;3.04;1.61;9.5;6
707;7.4;0.49;0.19;3.0;0.077;16.0;37.0;0.9966;3.37;0.51;10.5;5
1253;7.9;0.66;0.0;1.4;0.096;6.0;13.0;0.99569;3.43;0.58;9.5;5
764;9.1;0.68;0.11;2.8;0.093;11.0;44.0;0.99888;3.31;0.55;9.5;6
1542;6.7;0.855;0.02;1.9;0.064;29.0;38.0;0.99472;3.3;0.56;10.75;6
208;7.8;0.44;0.28;2.7;0.1;18.0;95.0;0.9966;3.22;0.67;9.4;5
971;10.4;0.26;0.48;1.9;0.066;6.0;10.0;0.99724;3.33;0.87;10.9;6
780;7.0;0.57;0.0;2.0;0.19;12.0;45.0;0.99676;3.31;0.6;9.4;6
496;7.8;0.52;0.25;1.9;0.081;14.0;38.0;0.9984;3.43;0.65;9.0;6
46;7.7;0.935;0.43;2.2;0.114;22.0;114.0;0.997;3.25;0.73;9.2;5
32;8.3;0.655;0.12;2.3;0.083;15.0;113.0;0.9966;3.17;0.66;9.8;5
1195;6.2;0.43;0.22;1.8;0.078;21.0;56.0;0.99633;3.52;0.6;9.5;6
1162;8.5;0.32;0.42;2.3;0.075;12.0;19.0;0.99434;3.14;0.71;11.8;7
613;8.2;0.39;0.38;1.5;0.058;10.0;29.0;0.9962;3.26;0.74;9.8;5
1101;7.4;0.49;0.27;2.1;0.071;14.0;25.0;0.99388;3.35;0.63;12.0;6
1481;8.2;0.28;0.6;3.0;0.104;10.0;22.0;0.99828;3.39;0.68;10.6;5
1413;9.9;0.57;0.25;2.0;0.104;12.0;89.0;0.9963;3.04;0.9;10.1;5
1105;6.3;0.57;0.28;2.1;0.048;13.0;49.0;0.99374;3.41;0.6;12.8;5
476;9.3;0.27;0.41;2.0;0.091;6.0;16.0;0.998;3.28;0.7;9.7;5
1044;6.4;0.39;0.33;3.3;0.046;12.0;53.0;0.99294;3.36;0.62;12.2;6
344;11.9;0.57;0.5;2.6;0.082;6.0;32.0;1.0006;3.12;0.78;10.7;6
773;7.9;0.4;0.29;1.8;0.157;1.0;44.0;0.9973;3.3;0.92;9.5;6
960;8.5;0.47;0.27;1.9;0.058;18.0;38.0;0.99518;3.16;0.85;11.1;6
415;8.6;0.725;0.24;6.6;0.117;31.0;134.0;1.0014;3.32;1.07;9.3;5
261;7.0;0.975;0.04;2.0;0.087;12.0;67.0;0.99565;3.35;0.6;9.4;4
34;5.2;0.32;0.25;1.8;0.103;13.0;50.0;0.9957;3.38;0.55;9.2;5
916;5.3;0.715;0.19;1.5;0.161;7.0;62.0;0.99395;3.62;0.61;11.0;5
1009;9.6;0.5;0.36;2.8;0.116;26.0;55.0;0.99722;3.18;0.68;10.9;5
3;11.2;0.28;0.56;1.9;0.075;17.0;60.0;0.998;3.16;0.58;9.8;6
1450;7.2;0.37;0.32;2.0;0.062;15.0;28.0;0.9947;3.23;0.73;11.3;7
650;10.7;0.43;0.39;2.2;0.106;8.0;32.0;0.9986;2.89;0.5;9.6;5
724;7.5;1.115;0.1;3.1;0.086;5.0;12.0;0.9958;3.54;0.6;11.2;4
1462;6.8;0.64;0.03;2.3;0.075;14.0;31.0;0.99545;3.36;0.58;10.4;6
1093;9.2;0.31;0.36;2.2;0.079;11.0;31.0;0.99615;3.33;0.86;12.0;7
160;7.6;0.95;0.03;2.0;0.09;7.0;20.0;0.9959;3.2;0.56;9.6;5
224;8.4;0.635;0.36;2.0;0.089;15.0;55.0;0.99745;3.31;0.57;10.4;4
324;10.0;0.49;0.2;11.0;0.071;13.0;50.0;1.0015;3.16;0.69;9.2;6
71;7.7;0.67;0.23;2.1;0.088;17.0;96.0;0.9962;3.32;0.48;9.5;5
206;12.8;0.3;0.74;2.6;0.095;9.0;28.0;0.9994;3.2;0.77;10.8;7
1365;7.8;0.5;0.09;2.2;0.115;10.0;42.0;0.9971;3.18;0.62;9.5;5
1469;7.3;0.98;0.05;2.1;0.061;20.0;49.0;0.99705;3.31;0.55;9.7;3
1256;7.5;0.59;0.22;1.8;0.082;43.0;60.0;0.99499;3.1;0.42;9.2;5
277;11.5;0.18;0.51;4.0;0.104;4.0;23.0;0.9996;3.28;0.97;10.1;6
846;6.4;0.64;0.21;1.8;0.081;14.0;31.0;0.99689;3.59;0.66;9.8;5
913;9.4;0.395;0.46;4.6;0.094;3.0;10.0;0.99639;3.27;0.64;12.2;7
781;6.5;0.46;0.14;2.4;0.114;9.0;37.0;0.99732;3.66;0.65;9.8;5
993;7.1;0.34;0.28;2.0;0.082;31.0;68.0;0.99694;3.45;0.48;9.4;5
1294;8.2;0.635;0.1;2.1;0.073;25.0;60.0;0.99638;3.29;0.75;10.9;6
1299;7.6;1.58;0.0;2.1;0.137;5.0;9.0;0.99476;3.5;0.4;10.9;3
414;8.8;0.52;0.34;2.7;0.087;24.0;122.0;0.9982;3.26;0.61;9.5;5
1230;7.7;0.18;0.34;2.7;0.066;15.0;58.0;0.9947;3.37;0.78;11.8;6
1537;5.4;0.58;0.08;1.9;0.059;20.0;31.0;0.99484;3.5;0.64;10.2;6
1066;6.6;0.52;0.08;2.4;0.07;13.0;26.0;0.99358;3.4;0.72;12.5;7
484;10.6;0.44;0.68;4.1;0.114;6.0;24.0;0.997;3.06;0.66;13.4;6
173;7.4;0.62;0.05;1.9;0.068;24.0;42.0;0.9961;3.42;0.57;11.5;6
1115;7.0;0.69;0.07;2.5;0.091;15.0;21.0;0.99572;3.38;0.6;11.3;6
189;7.9;0.49;0.32;1.9;0.082;17.0;144.0;0.9968;3.2;0.55;9.5;5
1468;7.3;0.48;0.32;2.1;0.062;31.0;54.0;0.99728;3.3;0.65;10.0;7
1171;7.1;0.59;0.0;2.2;0.078;26.0;44.0;0.99522;3.42;0.68;10.8;6
800;7.2;0.61;0.08;4.0;0.082;26.0;108.0;0.99641;3.25;0.51;9.4;5
875;8.8;0.31;0.4;2.8;0.109;7.0;16.0;0.99614;3.31;0.79;11.8;7
436;8.0;0.67;0.3;2.0;0.06;38.0;62.0;0.9958;3.26;0.56;10.2;6
1159;10.2;0.41;0.43;2.2;0.11;11.0;37.0;0.99728;3.16;0.67;10.8;5
351;9.1;0.795;0.0;2.6;0.096;11.0;26.0;0.9994;3.35;0.83;9.4;6
406;9.8;0.44;0.47;2.5;0.063;9.0;28.0;0.9981;3.24;0.65;10.8;6
172;8.0;0.42;0.17;2.0;0.073;6.0;18.0;0.9972;3.29;0.61;9.2;6
1437;6.8;0.915;0.29;4.8;0.07;15.0;39.0;0.99577;3.53;0.54;11.1;5
652;15.9;0.36;0.65;7.5;0.096;22.0;71.0;0.9976;2.98;0.84;14.9;5
435;12.3;0.39;0.63;2.3;0.091;6.0;18.0;1.0004;3.16;0.49;9.5;5
701;7.0;0.65;0.02;2.1;0.066;8.0;25.0;0.9972;3.47;0.67;9.5;6
466;10.3;0.5;0.42;2.0;0.069;21.0;51.0;0.9982;3.16;0.72;11.5;6
849;6.4;0.63;0.21;1.6;0.08;12.0;32.0;0.99689;3.58;0.66;9.8;5
1591;5.4;0.74;0.09;1.7;0.089;16.0;26.0;0.99402;3.67;0.56;11.6;6
485;10.2;0.67;0.39;1.9;0.054;6.0;17.0;0.9976;3.17;0.47;10.0;5
1010;8.9;0.28;0.45;1.7;0.067;7.0;12.0;0.99354;3.25;0.55;12.3;7
977;8.4;0.59;0.29;2.6;0.109;31.0;119.0;0.99801;3.15;0.5;9.1;5
319;9.6;0.77;0.12;2.9;0.082;30.0;74.0;0.99865;3.3;0.64;10.4;6
124;7.8;0.5;0.17;1.6;0.082;21.0;102.0;0.996;3.39;0.48;9.5;5
333;8.4;0.56;0.08;2.1;0.105;16.0;44.0;0.9958;3.13;0.52;11.0;5
105;8.1;0.575;0.22;2.1;0.077;12.0;65.0;0.9967;3.29;0.51;9.2;5
726;8.1;0.72;0.09;2.8;0.084;18.0;49.0;0.9994;3.43;0.72;11.1;6
1288;7.0;0.6;0.3;4.5;0.068;20.0;110.0;0.99914;3.3;1.17;10.2;5
253;7.7;0.775;0.42;1.9;0.092;8.0;86.0;0.9959;3.23;0.59;9.5;5
1036;7.6;0.31;0.34;2.5;0.082;26.0;35.0;0.99356;3.22;0.59;12.5;7
1403;7.2;0.33;0.33;1.7;0.061;3.0;13.0;0.996;3.23;1.1;10.0;8
872;7.3;0.35;0.24;2.0;0.067;28.0;48.0;0.99576;3.43;0.54;10.0;4
1582;6.1;0.715;0.1;2.6;0.053;13.0;27.0;0.99362;3.57;0.5;11.9;5
904;6.8;0.59;0.06;6.0;0.06;11.0;18.0;0.9962;3.41;0.59;10.8;7
1297;7.2;0.53;0.14;2.1;0.064;15.0;29.0;0.99323;3.35;0.61;12.1;6
342;10.9;0.39;0.47;1.8;0.118;6.0;14.0;0.9982;3.3;0.75;9.8;6
1042;8.9;0.5;0.21;2.2;0.088;21.0;39.0;0.99692;3.33;0.83;11.1;6
1487;6.0;0.64;0.05;1.9;0.066;9.0;17.0;0.99496;3.52;0.78;10.6;5
1189;8.8;0.955;0.05;1.8;0.075;5.0;19.0;0.99616;3.3;0.44;9.6;4
1081;7.9;0.3;0.68;8.3;0.05;37.5;289.0;0.99316;3.01;0.51;12.3;7
1296;6.6;0.63;0.0;4.3;0.093;51.0;77.5;0.99558;3.2;0.45;9.5;5
1405;7.7;0.28;0.3;2.0;0.062;18.0;34.0;0.9952;3.28;0.9;11.3;7
804;8.4;0.52;0.22;2.7;0.084;4.0;18.0;0.99682;3.26;0.57;9.9;6
991;7.1;0.34;0.28;2.0;0.082;31.0;68.0;0.99694;3.45;0.48;9.4;5
83;7.3;0.67;0.26;1.8;0.401;16.0;51.0;0.9969;3.16;1.14;9.4;5
1139;8.2;0.51;0.24;2.0;0.079;16.0;86.0;0.99764;3.34;0.64;9.5;6
49;5.6;0.31;0.37;1.4;0.074;12.0;96.0;0.9954;3.32;0.58;9.2;5
530;9.1;0.22;0.24;2.1;0.078;1.0;28.0;0.999;3.41;0.87;10.3;6
17;8.1;0.56;0.28;1.7;0.368;16.0;56.0;0.9968;3.11;1.28;9.3;5
166;6.8;0.64;0.1;2.1;0.085;18.0;101.0;0.9956;3.34;0.52;10.2;5
1536;6.1;0.53;0.08;1.9;0.077;24.0;45.0;0.99528;3.6;0.68;10.3;6
491;9.2;0.41;0.5;2.5;0.055;12.0;25.0;0.9952;3.34;0.79;13.3;7
1541;7.4;0.25;0.29;2.2;0.054;19.0;49.0;0.99666;3.4;0.76;10.9;7
868;6.8;0.56;0.22;1.8;0.074;15.0;24.0;0.99438;3.4;0.82;11.2;6
1;7.8;0.88;0.0;2.6;0.098;25.0;67.0;0.9968;3.2;0.68;9.8;5
401;7.7;0.26;0.3;1.7;0.059;20.0;38.0;0.9949;3.29;0.47;10.8;6
832;10.4;0.44;0.42;1.5;0.145;34.0;48.0;0.99832;3.38;0.86;9.9;3
1483;8.1;0.33;0.44;1.5;0.042;6.0;12.0;0.99542;3.35;0.61;10.7;5
597;11.9;0.58;0.58;1.9;0.071;5.0;18.0;0.998;3.09;0.63;10.0;6
920;9.6;0.41;0.37;2.3;0.091;10.0;23.0;0.99786;3.24;0.56;10.5;5
363;12.5;0.46;0.63;2.0;0.071;6.0;15.0;0.9988;2.99;0.87;10.2;5
1396;8.7;0.675;0.1;1.6;0.09;4.0;11.0;0.99745;3.31;0.65;9.55;5
654;8.6;0.47;0.47;2.4;0.074;7.0;29.0;0.9979;3.08;0.46;9.5;5
511;10.0;0.59;0.31;2.2;0.09;26.0;62.0;0.9994;3.18;0.63;10.2;6
789;8.6;0.63;0.17;2.9;0.099;21.0;119.0;0.998;3.09;0.52;9.3;5
760;9.0;0.58;0.25;2.8;0.075;9.0;104.0;0.99779;3.23;0.57;9.7;5
770;7.1;0.59;0.02;2.3;0.082;24.0;94.0;0.99744;3.55;0.53;9.7;6
1168;6.5;0.34;0.27;2.8;0.067;8.0;44.0;0.99384;3.21;0.56;12.0;6
97;7.0;0.5;0.25;2.0;0.07;3.0;22.0;0.9963;3.25;0.63;9.2;5
1538;6.2;0.64;0.09;2.5;0.081;15.0;26.0;0.99538;3.57;0.63;12.0;5
609;6.3;0.36;0.19;3.2;0.075;15.0;39.0;0.9956;3.56;0.52;12.7;6
588;5.0;0.42;0.24;2.0;0.06;19.0;50.0;0.9917;3.72;0.74;14.0;8
65;7.2;0.725;0.05;4.65;0.086;4.0;11.0;0.9962;3.41;0.39;10.9;5
660;7.2;0.52;0.07;1.4;0.074;5.0;20.0;0.9973;3.32;0.81;9.6;6
612;7.5;0.64;0.0;2.4;0.077;18.0;29.0;0.9965;3.32;0.6;10.0;6
193;7.6;0.55;0.21;2.2;0.071;7.0;28.0;0.9964;3.28;0.55;9.7;5
681;8.0;0.45;0.23;2.2;0.094;16.0;29.0;0.9962;3.21;0.49;10.2;6
655;9.7;0.55;0.17;2.9;0.087;20.0;53.0;1.0004;3.14;0.61;9.4;5
964;8.5;0.47;0.27;1.9;0.058;18.0;38.0;0.99518;3.16;0.85;11.1;6
1008;8.9;0.35;0.4;3.6;0.11;12.0;24.0;0.99549;3.23;0.7;12.0;7
1134;8.5;0.28;0.35;1.7;0.061;6.0;15.0;0.99524;3.3;0.74;11.8;7
983;9.1;0.5;0.3;1.9;0.065;8.0;17.0;0.99774;3.32;0.71;10.5;6
463;8.1;0.66;0.7;2.2;0.098;25.0;129.0;0.9972;3.08;0.53;9.0;5
663;10.1;0.28;0.46;1.8;0.05;5.0;13.0;0.9974;3.04;0.79;10.2;6
1153;9.6;0.42;0.35;2.1;0.083;17.0;38.0;0.99622;3.23;0.66;11.1;6
1062;8.0;0.38;0.44;1.9;0.098;6.0;15.0;0.9956;3.3;0.64;11.4;6
1181;9.8;0.39;0.43;1.65;0.068;5.0;11.0;0.99478;3.19;0.46;11.4;5
1419;7.7;0.64;0.21;2.2;0.077;32.0;133.0;0.9956;3.27;0.45;9.9;5
1193;6.4;0.885;0.0;2.3;0.166;6.0;12.0;0.99551;3.56;0.51;10.8;5
1559;7.8;0.6;0.26;2.0;0.08;31.0;131.0;0.99622;3.21;0.52;9.9;5
1566;6.7;0.16;0.64;2.1;0.059;24.0;52.0;0.99494;3.34;0.71;11.2;6
1038;8.7;0.41;0.41;6.2;0.078;25.0;42.0;0.9953;3.24;0.77;12.6;7
1361;8.3;0.85;0.14;2.5;0.093;13.0;54.0;0.99724;3.36;0.54;10.1;5
1324;6.7;0.46;0.24;1.7;0.077;18.0;34.0;0.9948;3.39;0.6;10.6;6
859;6.8;0.56;0.22;1.8;0.074;15.0;24.0;0.99438;3.4;0.82;11.2;6
56;10.2;0.42;0.57;3.4;0.07;4.0;10.0;0.9971;3.04;0.63;9.6;5
1248;6.9;0.41;0.33;2.2;0.081;22.0;36.0;0.9949;3.41;0.75;11.1;6
1013;7.5;0.71;0.0;1.6;0.092;22.0;31.0;0.99635;3.38;0.58;10.0;6
307;10.3;0.41;0.42;2.4;0.213;6.0;14.0;0.9994;3.19;0.62;9.5;6
367;10.4;0.575;0.61;2.6;0.076;11.0;24.0;1.0;3.16;0.69;9.0;5
647;8.3;0.845;0.01;2.2;0.07;5.0;14.0;0.9967;3.32;0.58;11.0;4
1172;9.7;0.42;0.46;2.1;0.074;5.0;16.0;0.99649;3.27;0.74;12.3;6
755;7.8;0.91;0.07;1.9;0.058;22.0;47.0;0.99525;3.51;0.43;10.7;6
20;8.9;0.22;0.48;1.8;0.077;29.0;60.0;0.9968;3.39;0.53;9.4;6
1385;8.0;0.81;0.25;3.4;0.076;34.0;85.0;0.99668;3.19;0.42;9.2;5
1557;6.6;0.855;0.02;2.4;0.062;15.0;23.0;0.99627;3.54;0.6;11.0;6
1588;7.2;0.66;0.33;2.5;0.068;34.0;102.0;0.99414;3.27;0.78;12.8;6
1489;6.2;0.57;0.1;2.1;0.048;4.0;11.0;0.99448;3.44;0.76;10.8;6
1544;8.4;0.37;0.43;2.3;0.063;12.0;19.0;0.9955;3.17;0.81;11.2;7
1053;8.3;0.33;0.42;2.3;0.07;9.0;20.0;0.99426;3.38;0.77;12.7;7
894;7.2;0.63;0.03;2.2;0.08;17.0;88.0;0.99745;3.53;0.58;9.8;6
334;7.9;0.65;0.01;2.5;0.078;17.0;38.0;0.9963;3.34;0.74;11.7;7
1191;6.5;0.885;0.0;2.3;0.166;6.0;12.0;0.99551;3.56;0.51;10.8;5
1509;7.9;0.18;0.4;1.8;0.062;7.0;20.0;0.9941;3.28;0.7;11.1;5
852;8.0;0.42;0.32;2.5;0.08;26.0;122.0;0.99801;3.22;1.07;9.7;5
1531;6.1;0.705;0.1;2.8;0.081;13.0;28.0;0.99631;3.6;0.66;10.2;5
122;7.3;0.695;0.0;2.5;0.075;3.0;13.0;0.998;3.49;0.52;9.2;5
117;7.8;0.56;0.12;2.0;0.082;7.0;28.0;0.997;3.37;0.5;9.4;6
1024;7.7;0.58;0.01;1.8;0.088;12.0;18.0;0.99568;3.32;0.56;10.5;7
703;7.5;0.38;0.48;2.6;0.073;22.0;84.0;0.9972;3.32;0.7;9.6;4
936;8.8;0.3;0.38;2.3;0.06;19.0;72.0;0.99543;3.39;0.72;11.8;6
823;6.7;0.54;0.13;2.0;0.076;15.0;36.0;0.9973;3.61;0.64;9.8;5
902;7.4;0.635;0.1;2.4;0.08;16.0;33.0;0.99736;3.58;0.69;10.8;7
501;10.4;0.44;0.73;6.55;0.074;38.0;76.0;0.999;3.17;0.85;12.0;7
1473;6.1;0.6;0.08;1.8;0.071;14.0;45.0;0.99336;3.38;0.54;11.0;5
658;7.2;0.52;0.07;1.4;0.074;5.0;20.0;0.9973;3.32;0.81;9.6;6
1581;6.2;0.56;0.09;1.7;0.053;24.0;32.0;0.99402;3.54;0.6;11.3;5
1213;9.6;0.38;0.42;1.9;0.071;5.0;13.0;0.99659;3.15;0.75;10.5;6
